"Microchip","dftd","Sex","age","Weight","Headwidth","year","TrapID"
"900164001721676",0,"Male",17,9.1,102.1,2019,"FNP091"
"900164001721678",1,"Female",20,5.8,97.6,2019,"FNP090"
"900164001721679",1,"Female",17,6.8,94.6,2019,"FNP078"
"900164001721680",0,"Male",20,7.2,107.4,2019,"FNP107"
"900164001721680",1,"Male",34,8.8,107.9,2021,"FNP111"
"900164001721680",0,"Male",26,8.2,107,2020,"FNP112"
"900164001721682",0,"Male",20,8.9,117.6,2019,"FNP090"
"900164001721693",1,"Female",32,6.5,97.1,2019,"FNP103"
"982000123209932",0,"Male",16,6.4,104,2011,"FNP104"
"982000123211274",0,"Female",16,5.2,101,2011,"FNP107"
"982000190522888",0,"Male",17,6.9,106,2012,"FNP102"
"982000190524191",0,"Male",20,7.9,114,2012,"FNP068"
"982000190530708",0,"Male",17,6.5,96,2012,"FNP089"
"982000190531286",0,"Female",17,5.1,102,2012,"FNP107"
"982000190533071",1,"Female",32,6.9,105,2012,"FNP044"
"982000190602511",0,"Female",32,7.2,105,2012,"FNP065"
"982000190602511",1,"Female",42,6.4,106,2013,"FNP073"
"982000190604384",0,"Female",19,5.6,100,2012,"FNP050"
"982000190604577",0,"Female",20,5.5,109,2012,"FNP061"
"982000190604577",0,"Female",30,7.5,106,2013,"FNP093"
"982000190604577",0,"Female",52,8,111,2015,"FNP072"
"982000190606075",1,"Male",32,8.9,118,2012,"FNP050"
"982000190607744",1,"Female",19,5.6,101,2012,"FNP054"
"982000190695064",1,"Male",42,9.4,126,2013,"FNP056"
"982000190695064",0,"Male",32,11.1,125,2012,"FNP054"
"982000190697786",1,"Male",32,8.7,116,2012,"FNP068"
"982000190699767",1,"Male",29,9.7,118,2012,"FNP123"
"982000190699853",0,"Male",17,6.9,111,2012,"FNP106"
"982000190700969",0,"Male",17,6.6,108,2012,"FNP138"
"982000190700969",0,"Male",17,6.6,108,2012,"FNP120"
"982000190700977",0,"Male",17,6.7,117,2012,"FNP096"
"982000190701241",1,"Female",17,7.2,103,2012,"FNP117"
"982000356426044",1,"Male",18,8.4,113.1,2015,"FNP057"
"982000356426044",0,"Male",14,7.6,106,2015,"FNP055"
"982000356426081",1,"Female",30,8.5,118.4,2016,"FNP103"
"982000356426081",1,"Female",28,8.2,108.8,2016,"FNP104"
"982000356426081",0,"Female",14,5.8,99,2015,"FNP102"
"982000356426081",0,"Female",16,6,99,2015,"FNP091"
"982000356426081",0,"Female",17,7.6,103.6,2015,"FNP100"
"982000356426081",1,"Female",21,6.2,103.7,2016,"FNP097"
"982000356426095",0,"Female",38,8.4,108,2015,"FNP108"
"982000356426095",0,"Female",32,6.3,99,2014,"FNP087"
"982000356426095",1,"Female",42,7.5,104,2015,"FNP104"
"982000356426095",1,"Female",40,8.1,103.4,2015,"FNP102"
"982000356486107",0,"Female",17,8,106.5,2015,"FNP091"
"982000356492284",1,"Female",42,8.3,108.7,2016,"FNP101"
"982000356492284",0,"Female",26,8.9,106,2015,"FNP089"
"982000356492284",0,"Female",20,8.4,97,2014,"FNP073"
"982000356497935",0,"Male",14,7.5,101,2015,"FNP024"
"982000356497935",0,"Male",39,9.8,111.7,2017,"FNP030"
"982000356497935",0,"Male",16,8,108,2015,"FNP018"
"982000356574280",0,"Female",32,10.4,110,2014,"FNP068"
"982000356574280",0,"Female",38,11.3,121,2015,"FNP058"
"982000356574417",1,"Male",29,10.4,119.7,2015,"FNP102"
"982000356574417",0,"Male",26,10.1,120,2015,"FNP104"
"982000356574417",1,"Male",33,11,119.4,2016,"FNP092"
"982000356574417",1,"Male",30,10.5,120.5,2015,"FNP102"
"982000356574417",0,"Male",20,8.8,93,2014,"FNP073"
"982000356575073",0,"Male",20,11.4,99,2014,"FNP076"
"982000356575073",0,"Male",38,11.3,123.7,2016,"FNP113"
"982000356575073",0,"Male",29,11.5,123.5,2015,"FNP090"
"982000356575073",0,"Male",26,11.1,124,2015,"FNP102"
"982000356582349",0,"Female",20,7.2,96,2014,"FNP060"
"982000356582955",0,"Male",20,9.3,105,2014,"FNP055"
"982000356583094",1,"Female",30,8,105.4,2015,"FNP046"
"982000356583094",0,"Female",20,6.7,92,2014,"FNP045"
"982000356587277",0,"Female",42,8.3,108.8,2015,"FNP033"
"982000356587277",0,"Female",38,8,109,2015,"FNP016"
"982000356587277",0,"Female",31,7.9,101,2014,"FNP021"
"982000356587302",0,"Female",20,7.8,103,2014,"FNP045"
"982000356587455",0,"Female",30,9.4,111.8,2016,"FNP033"
"982000356587455",0,"Female",29,9.3,110.8,2016,"FNP033"
"982000356587455",0,"Female",14,8.1,103,2015,"FNP033"
"982000356587455",0,"Female",22,8,109,2016,"FNP035"
"982000356587519",0,"Female",20,9,84,2014,"FNP068"
"982000356587526",1,"Female",27,8.6,108,2015,"FNP054"
"982000356587526",1,"Female",30,7.1,106.5,2015,"FNP056"
"982000356587526",0,"Female",20,6.9,97,2014,"FNP058"
"982000356587577",0,"Female",26,6.8,106,2015,"FNP043"
"982000356587577",0,"Female",30,7.7,109.8,2015,"FNP057"
"982000356587577",0,"Female",20,7.1,94,2014,"FNP060"
"982000356587741",1,"Male",37,9.6,119,2015,"FNP089"
"982000356587741",0,"Male",32,9.1,107,2014,"FNP072"
"982000356587802",0,"Female",16,8,105,2015,"FNP032"
"982000356587802",1,"Female",52,10.6,111.6,2018,"FNP030"
"982000356587802",0,"Female",14,7,102,2015,"FNP033"
"982000356587802",0,"Female",43,9,107,2017,"FNP028"
"982000356587909",0,"Male",20,8.4,95,2014,"FNP052"
"982000356655539",0,"Female",41,7.6,110.4,2015,"FNP084"
"982000356655539",0,"Female",50,8.2,110.9,2016,"FNP100"
"982000356655539",0,"Female",31,7.2,97,2014,"FNP037"
"982000362816165",0,"Male",40,12,122,2015,"FNP018"
"982000362816165",0,"Male",50,11,123.5,2016,"FNP037"
"982000362816165",0,"Male",38,11.2,122,2015,"FNP018"
"982000362816165",0,"Male",62,11,124.3,2017,"FNP032"
"982000362816228",0,"Male",16,8,105,2015,"FNP092"
"982000362816228",0,"Male",14,6.8,101,2015,"FNP085"
"982000362816228",0,"Male",18,8.5,112.6,2015,"FNP039"
"982000362816259",0,"Female",15,5.3,96,2015,"FNP056"
"982000362816259",0,"Female",18,5.4,100.6,2015,"FNP056"
"982000362816378",0,"Male",26,7.8,101,2015,"FNP021"
"982000362816378",0,"Male",58,9,115.7,2018,"FNP023"
"982000362816378",0,"Male",51,9.2,111.7,2017,"FNP023"
"982000362816378",0,"Male",28,8,110,2015,"FNP018"
"982000362816378",0,"Male",38,9,113.6,2016,"FNP007"
"982000362816378",0,"Male",30,8.2,109.8,2015,"FNP015"
"982000362816396",1,"Male",29,7.8,119.1,2016,"FNP068"
"982000362816396",0,"Male",16,8,107,2015,"FNP072"
"982000362816458",0,"Male",17,8.8,113.4,2015,"FNP100"
"982000362816458",0,"Male",14,8,108,2015,"FNP098"
"982000362816535",0,"Female",16,6,92,2015,"FNP033"
"982000362816535",0,"Female",29,7,103.4,2016,"FNP039"
"982000362816598",1,"Female",16,7,100.5,2016,"FNP090"
"982000362816808",0,"Male",17,7.2,104.4,2015,"FNP090"
"982000362816808",0,"Male",16,7,107,2015,"FNP094"
"982000362816986",0,"Male",18,6.4,104.8,2015,"FNP007"
"982000362816986",0,"Male",43,9.5,119.7,2017,"FNP002"
"982000362816986",0,"Male",14,5.9,98,2015,"FNP002"
"982000362816986",1,"Male",48,9,120.7,2018,"FNP001"
"982000362826111",0,"Male",29,11,115.7,2016,"FNP036"
"982000362826111",0,"Male",18,8.6,107.7,2015,"FNP033"
"982000362826111",0,"Male",16,7,100,2015,"FNP033"
"982000362826111",0,"Male",22,9.5,113.1,2016,"FNP035"
"982000362826111",0,"Male",14,6.1,94,2015,"FNP035"
"982000362826440",0,"Male",14,7.8,106,2015,"FNP096"
"982000362826645",1,"Male",26,8.5,110,2015,"FNP092"
"982000362826727",0,"Female",41,8.3,109.1,2015,"FNP077"
"982000362826727",0,"Female",40,9,111,2015,"FNP031"
"982000362826930",0,"Male",20,7.7,111.7,2016,"FNP006"
"982000362826930",0,"Male",34,11.2,120,2018,"FNP005"
"982000362826930",0,"Male",31,9.2,111.3,2017,"FNP005"
"982000362833391",1,"Male",17,7.6,107.2,2016,"FNP054"
"982000362833391",1,"Male",19,8.7,112.2,2016,"FNP053"
"982000362833456",1,"Female",20,5.9,103.1,2016,"FNP084"
"982000362833456",0,"Female",14,5.8,99.6,2016,"FNP105"
"982000362833824",0,"Male",14,6,94.2,2016,"FNP090"
"982000362833959",0,"Male",14,5.5,91,2016,"FNP094"
"982000362833959",0,"Male",17,6.8,103.7,2016,"FNP057"
"982000362833959",0,"Male",16,6,101.7,2016,"FNP092"
"982000362848145",1,"Male",14,4.8,90,2015,"FNP049"
"982000363000206",0,"Male",16,8.6,115.7,2016,"FNP095"
"982000363000552",0,"Male",26,10.1,110.2,2017,"FNP083"
"982000363000552",0,"Male",16,8,110.3,2016,"FNP080"
"982000363000552",1,"Male",34,9,121.4,2018,"FNP077"
"982000363000552",0,"Male",14,6.8,105.9,2016,"FNP079"
"982000363000578",0,"Female",16,5.6,96.9,2016,"FNP083"
"982000363000578",0,"Female",14,5.1,93.4,2016,"FNP079"
"982000363000578",0,"Female",26,6.5,97,2017,"FNP083"
"982000363000578",0,"Female",43,6.8,104.3,2018,"FNP083"
"982000363001837",0,"Male",19,9,115.5,2016,"FNP045"
"982000363002096",0,"Male",16,7.4,108.2,2016,"FNP083"
"982000363002096",0,"Male",14,6.4,98.4,2016,"FNP083"
"982000363002403",0,"Male",14,6.7,96.1,2016,"FNP112"
"982000363002403",0,"Male",26,10,111.5,2017,"FNP101"
"982000363002403",0,"Male",17,8.1,107.7,2016,"FNP102"
"982000363007014",0,"Female",14,6.5,99.9,2016,"FNP083"
"982000363007014",0,"Female",16,6.3,102.4,2016,"FNP082"
"982000363007014",0,"Female",20,7.3,104.8,2016,"FNP037"
"982000363007185",0,"Male",16,7.6,109.9,2016,"FNP082"
"982000363007478",0,"Female",17,6.7,101.1,2016,"FNP056"
"982000363007478",1,"Female",19,6.6,102.2,2016,"FNP054"
"982000363010995",0,"Female",14,6.1,96,2015,"FNP085"
"982000363016881",0,"Female",18,6,100.3,2015,"FNP008"
"982000363016881",0,"Female",14,6.1,94,2015,"FNP015"
"982000363016905",0,"Female",52,9.1,108.9,2018,"FNP018"
"982000363016905",0,"Female",16,6,100,2015,"FNP016"
"982000363016905",0,"Female",49,8.9,109.5,2018,"FNP017"
"982000363016905",0,"Female",18,8.1,102.4,2015,"FNP006"
"982000363016905",0,"Female",14,6,95,2015,"FNP009"
"982000363016905",0,"Female",27,7.7,104.9,2016,"FNP025"
"982000363016905",0,"Female",43,8,107,2017,"FNP011"
"982000363016905",0,"Female",32,7.7,106.4,2016,"FNP006"
"982000363016979",0,"Female",14,5.8,99,2015,"FNP082"
"982000363016979",0,"Female",28,7.3,107.7,2016,"FNP081"
"982000363016979",0,"Female",26,8.4,105.9,2016,"FNP079"
"982000363017030",0,"Female",14,4.6,94,2015,"FNP098"
"982000363017030",0,"Female",18,5.2,98.3,2015,"FNP049"
"982000363017310",0,"Male",14,7,102,2015,"FNP108"
"982000363017310",0,"Male",17,8.1,112.1,2015,"FNP105"
"982000363017310",0,"Male",17,8.1,112.1,2015,"FNP124"
"982000363017493",0,"Male",18,8.2,112.2,2015,"FNP033"
"982000363017493",0,"Male",27,10.7,117.9,2016,"FNP033"
"982000363017493",0,"Male",14,7.8,109,2015,"FNP033"
"982000363017554",0,"Male",29,9.2,115.1,2016,"FNP022"
"982000363017554",0,"Male",18,7.1,110.8,2015,"FNP035"
"982000363017554",0,"Male",22,8.2,110.6,2016,"FNP039"
"982000363017554",0,"Male",32,9.7,119.1,2016,"FNP040"
"982000363017554",0,"Male",30,9.6,118.2,2016,"FNP018"
"982000363017554",1,"Male",46,9.8,118.4,2018,"FNP040"
"982000363017554",0,"Male",16,7,107,2015,"FNP018"
"982000363017554",0,"Male",14,6.7,100,2015,"FNP020"
"982000363017675",0,"Male",17,7.4,107.3,2016,"FNP033"
"982000363017675",0,"Male",20,8.3,112.6,2016,"FNP039"
"982000363017675",0,"Male",15,7.4,106.2,2016,"FNP033"
"982000363017681",0,"Male",14,7.1,90,2015,"FNP034"
"982000363021953",0,"Male",14,5.9,96,2015,"FNP098"
"982000363022085",0,"Male",41,11.5,122.3,2015,"FNP078"
"982000363022085",0,"Male",42,11.6,120.8,2015,"FNP079"
"982000363022085",0,"Male",37,9.7,112,2015,"FNP033"
"982000363022085",0,"Male",38,10.8,121,2015,"FNP080"
"982000363022085",0,"Male",40,12,121,2015,"FNP080"
"982000363022085",0,"Male",54,12.8,127.3,2016,"FNP078"
"982000363022085",0,"Male",50,11.1,123.4,2016,"FNP077"
"982000363022118",1,"Female",25,5.9,101,2015,"FNP072"
"982000363022211",0,"Male",26,8.9,115,2015,"FNP043"
"982000363022381",0,"Male",39,10.4,107.7,2017,"FNP016"
"982000363022381",0,"Male",18,7.6,108.9,2015,"FNP006"
"982000363022381",0,"Male",14,6.6,104,2015,"FNP024"
"982000363022381",0,"Male",27,9.8,114,2016,"FNP007"
"982000363022381",1,"Male",46,8.6,117.9,2018,"FNP025"
"982000363022381",0,"Male",22,8.9,114.3,2016,"FNP006"
"982000363022416",0,"Female",14,5.1,96,2015,"FNP058"
"982000363022416",0,"Female",18,6,100.5,2015,"FNP057"
"982000363022471",0,"Male",28,10.2,120.4,2016,"FNP083"
"982000363022471",0,"Male",17,8,111.2,2015,"FNP083"
"982000363022471",0,"Male",14,7.3,108,2015,"FNP080"
"982000363022528",0,"Female",39,8.4,99,2017,"FNP015"
"982000363022528",0,"Female",29,7.8,107.3,2016,"FNP030"
"982000363022528",0,"Female",16,6,100,2015,"FNP016"
"982000363022528",0,"Female",14,6.2,97,2015,"FNP025"
"982000363022528",1,"Female",52,8.1,108.3,2018,"FNP023"
"982000363022528",0,"Female",43,7.2,110.4,2017,"FNP008"
"982000363022528",0,"Female",22,6.7,103.2,2016,"FNP023"
"982000363022673",0,"Male",14,7.2,107,2015,"FNP077"
"982000363022673",0,"Male",16,7,106,2015,"FNP032"
"982000363022673",0,"Male",17,8.3,109.1,2015,"FNP079"
"982000363022679",1,"Male",37,10.8,122,2015,"FNP069"
"982000363022784",0,"Female",43,8.2,110.3,2018,"FNP077"
"982000363022784",0,"Female",26,8,105.7,2017,"FNP080"
"982000363022784",0,"Female",14,5.6,91.9,2016,"FNP078"
"982000365112080",0,"Female",27,6.1,93.7,2017,"FNP032"
"982000365112089",0,"Female",16,6.5,98.9,2018,"FNP083"
"982000365112089",1,"Female",23,6.6,103.6,2019,"FNP083"
"982000365112139",0,"Male",19,8.9,109,2017,"FNP011"
"982000365112139",0,"Male",15,7.4,100.3,2017,"FNP006"
"982000365112164",0,"Female",15,5.4,93.3,2017,"FNP012"
"982000365112333",0,"Female",31,7.6,106.3,2018,"FNP027"
"982000365112333",0,"Female",22,8,101.2,2018,"FNP028"
"982000365112333",0,"Female",15,5.5,90.5,2017,"FNP025"
"982000365112333",0,"Female",36,8.9,108.1,2019,"FNP031"
"982000365112372",0,"Male",26,10,93.3,2017,"FNP072"
"982000365112372",0,"Male",58,10.8,120.2,2020,"FNP077"
"982000365112476",0,"Female",15,5.8,96,2017,"FNP028"
"982000365112553",0,"Female",17,6.8,102.2,2016,"FNP032"
"982000365112553",0,"Female",14,5.8,100.2,2016,"FNP037"
"982000365112595",0,"Female",46,8.6,107.8,2021,"FNP007"
"982000365112595",0,"Female",23,7,103.3,2019,"FNP024"
"982000365112595",0,"Female",34,7.1,105.5,2020,"FNP023"
"982000365112595",0,"Female",40,8.2,109,2020,"FNP009"
"982000365112595",0,"Female",43,7.9,104.7,2020,"FNP006"
"982000365112595",0,"Female",32,6.5,101.2,2019,"FNP015"
"982000365112595",0,"Female",19,6.6,100,2018,"FNP011"
"982000365112642",1,"Male",17,9,113.8,2016,"FNP057"
"982000365112743",1,"Male",31,8,103.5,2017,"FNP072"
"982000365112750",1,"Female",20,6,102,2016,"FNP112"
"982000365112768",1,"Male",25,10.6,119.1,2018,"FNP077"
"982000365112768",0,"Male",19,7.7,109.6,2017,"FNP082"
"982000365118025",0,"Female",19,6.3,101,2017,"FNP104"
"982000365118025",0,"Female",22,7.2,101.4,2018,"FNP101"
"982000365118025",0,"Female",14,4.8,92.3,2017,"FNP104"
"982000365118281",0,"Male",14,5.7,96.4,2017,"FNP026"
"982000365118281",0,"Male",19,8.4,108.2,2017,"FNP015"
"982000365118948",0,"Male",23,9.8,115.3,2019,"FNP095"
"982000365119589",1,"Male",34,10.3,115.7,2018,"FNP038"
"982000365119793",1,"Male",28,8.4,116.6,2018,"FNP034"
"982000365119793",0,"Male",22,8.9,113.6,2018,"FNP032"
"982000365120008",0,"Female",25,8.9,105.1,2018,"FNP028"
"982000365120008",0,"Female",22,7.8,102.8,2018,"FNP036"
"982000365120008",0,"Female",19,7.2,103.7,2017,"FNP023"
"982000365120008",1,"Female",31,8.8,106.5,2018,"FNP034"
"982000365120008",1,"Female",28,9.2,104.9,2018,"FNP038"
"982000365120008",0,"Female",15,6.2,95.2,2017,"FNP032"
"982000365120056",0,"Male",16,8.1,110.4,2016,"FNP093"
"982000365120122",0,"Male",19,7.6,100.5,2017,"FNP082"
"982000365120122",1,"Male",31,9.6,116,2018,"FNP082"
"982000365120122",0,"Male",22,9,111.4,2018,"FNP078"
"982000365120122",0,"Male",24,10.2,115,2018,"FNP083"
"982000365120277",0,"Female",15,6,98.3,2017,"FNP018"
"982000365120277",0,"Female",25,7.8,104.3,2018,"FNP020"
"982000365120277",0,"Female",19,5.8,99.8,2017,"FNP017"
"982000365120277",0,"Female",28,8.3,106.9,2018,"FNP036"
"982000365120478",0,"Female",14,5.3,96,2017,"FNP046"
"982000365120627",1,"Female",19,5.4,92.5,2017,"FNP090"
"982000365120650",1,"Male",31,9.8,115.9,2017,"FNP093"
"982000365120699",0,"Female",26,6.7,98.1,2017,"FNP079"
"982000365120702",0,"Male",14,6.7,102.5,2017,"FNP102"
"982000365120702",0,"Male",41,6.9,103.6,2019,"FNP040"
"982000365120702",0,"Male",19,8.3,109.4,2017,"FNP090"
"982000365120702",0,"Male",41,11.8,121.6,2019,"FNP034"
"982000365120702",0,"Male",44,10.7,122.3,2019,"FNP090"
"982000365120777",0,"Male",17,8.5,114.8,2016,"FNP046"
"982000365120788",1,"Male",26,9.8,104.9,2017,"FNP165"
"982000365120788",0,"Male",18,7.6,108.7,2016,"FNP102"
"982000365120866",0,"Male",15,7.6,108,2016,"FNP040"
"982000365120866",0,"Male",17,8.3,114.6,2016,"FNP038"
"982000365120879",1,"Male",34,7.1,102.5,2019,"FNP096"
"982000365120879",0,"Male",28,7.8,104.3,2018,"FNP115"
"982000365120879",0,"Male",14,4.4,89.3,2017,"FNP112"
"982000365120879",0,"Male",19,5,99.1,2017,"FNP102"
"982000365120887",0,"Female",15,6.3,99,2017,"FNP032"
"982000365120920",1,"Female",19,5.9,103.4,2016,"FNP043"
"982000365582545",0,"Male",20,10.1,91,2014,"FNP049"
"982000365591637",0,"Male",16,7,105.1,2018,"FNP040"
"982000365591637",0,"Male",19,7.8,110.8,2018,"FNP037"
"982000365591658",1,"Female",28,8,99.6,2018,"FNP001"
"982000365591658",0,"Female",22,7.2,97.2,2018,"FNP006"
"982000365591658",0,"Female",19,5.5,96.6,2017,"FNP007"
"982000365591658",0,"Female",14,5.1,92.9,2017,"FNP007"
"982000365591819",0,"Male",22,7.6,111.7,2018,"FNP012"
"982000365591819",0,"Male",19,6.6,103.5,2017,"FNP014"
"982000365591819",0,"Male",15,7,101.4,2017,"FNP026"
"982000365591819",0,"Male",25,8.4,112.8,2018,"FNP018"
"982000365592175",0,"Female",19,5.8,101.7,2017,"FNP028"
"982000365594358",0,"Male",19,9.6,114.4,2018,"FNP032"
"982000365594495",0,"Male",34,9.2,115.3,2018,"FNP077"
"982000365594495",0,"Male",26,8.8,109.7,2017,"FNP079"
"982000365594495",0,"Male",20,8,111.7,2016,"FNP037"
"982000365594586",0,"Male",19,7.8,105.9,2017,"FNP102"
"982000365594586",1,"Male",25,10.9,115.8,2018,"FNP111"
"982000365594586",0,"Male",14,6.8,102,2017,"FNP104"
"982000365595384",0,"Male",14,7.2,99.8,2017,"FNP101"
"982000365595415",1,"Female",26,7,99.7,2017,"FNP042"
"982000365600324",0,"Male",14,6.8,102.7,2016,"FNP018"
"982000365601105",0,"Female",25,8.2,109.5,2018,"FNP077"
"982000365601105",0,"Female",19,6.2,106.5,2017,"FNP080"
"982000365601105",0,"Female",14,5.4,91.1,2017,"FNP082"
"982000365601105",0,"Female",31,7.8,112.7,2018,"FNP079"
"982000365601105",0,"Female",28,7.9,110.9,2018,"FNP078"
"982000365601169",1,"Male",21,9,117.1,2016,"FNP057"
"982000365601296",0,"Female",16,5.4,96.7,2018,"FNP020"
"982000365601326",0,"Female",15,5.8,92.4,2017,"FNP029"
"982000365601326",0,"Female",22,7.8,106,2018,"FNP081"
"982000365610133",1,"Female",22,7,96.5,2018,"FNP034"
"982000365610211",1,"Female",25,7.9,106.5,2018,"FNP101"
"982000365610211",1,"Female",22,8.3,105.3,2018,"FNP100"
"982000365610211",0,"Female",14,5.8,95.2,2017,"FNP101"
"982000402218247",0,"Male",14,6.2,96.5,2016,"FNP086"
"982000402218247",0,"Male",20,8.5,112.3,2016,"FNP034"
"982000402221904",0,"Female",40,9.7,111.7,2018,"FNP077"
"982000402221904",0,"Female",14,6.3,99.4,2016,"FNP077"
"982000402224974",0,"Female",27,6.1,102.4,2016,"FNP001"
"982000402226166",0,"Female",15,4.9,90.8,2016,"FNP026"
"982000402226166",1,"Female",40,8.3,102.9,2018,"FNP007"
"982000402226166",0,"Female",17,5,93.6,2016,"FNP003"
"982000402226625",1,"Female",46,9.8,107.4,2018,"FNP040"
"982000402226625",0,"Female",39,10,106.9,2017,"FNP019"
"982000402226625",0,"Female",32,8.3,110.9,2016,"FNP020"
"982000402226625",0,"Female",29,9,109.7,2016,"FNP006"
"982000402226625",0,"Female",43,7.8,107,2017,"FNP086"
"982000402226625",0,"Female",26,8.2,108.1,2016,"FNP016"
"982000405792193",1,"Female",23,5,97.4,2019,"FNP006"
"982000405792193",0,"Female",16,5.6,94.9,2018,"FNP005"
"982000405792810",0,"Female",28,7.4,103.2,2018,"FNP040"
"982000405792834",0,"Female",34,6.4,104.6,2021,"FNP103"
"982000405793918",1,"Female",19,6.2,101.6,2018,"FNP090"
"982000405793918",0,"Female",16,7.8,100.6,2018,"FNP082"
"982000405793937",1,"Male",31,10,120.6,2018,"FNP090"
"982000405794046",1,"Male",19,9.4,110.7,2018,"FNP099"
"982000405794291",1,"Female",20,6,94.5,2019,"FNP102"
"982000405794291",0,"Female",17,5.8,95.9,2019,"FNP100"
"982000405794538",0,"Male",16,8.7,108.8,2018,"FNP110"
"982000405794538",0,"Male",19,9.3,114.6,2018,"FNP111"
"982000405794578",0,"Male",24,11,121.7,2018,"FNP023"
"982000405794578",0,"Male",22,8.7,113.8,2018,"FNP028"
"982000405794578",1,"Male",28,10.6,119.3,2018,"FNP035"
"982000405794578",0,"Male",19,7.9,109.6,2017,"FNP028"
"982000405794607",0,"Male",16,5.2,94.4,2018,"FNP032"
"982000405794739",0,"Male",16,10.7,110.3,2018,"FNP108"
"982000405797178",1,"Female",23,6.1,103.8,2019,"FNP032"
"982000405826253",0,"Male",16,7.9,108.2,2018,"FNP037"
"982000405826253",0,"Male",19,9.4,114.7,2018,"FNP034"
"982000405827230",1,"Male",40,6.8,114.8,2018,"FNP035"
"982000405827230",1,"Male",37,9.4,113.6,2018,"FNP031"
"982000405828703",1,"Male",37,9.4,113.6,2018,"FNP031"
"982000405911197",0,"Male",16,8.8,108.2,2018,"FNP115"
"982000405915068",0,"Male",16,8,106.9,2018,"FNP001"
"982000405915074",1,"Female",23,5,99.8,2019,"FNP006"
"982000405915359",0,"Male",23,8,104.9,2019,"FNP006"
"982000405915359",0,"Male",16,5,89.4,2018,"FNP007"
"982000405915359",0,"Male",19,6.8,102.1,2018,"FNP018"
"982000405915380",0,"Female",16,6.6,100.3,2018,"FNP078"
"982000405915387",0,"Female",16,5.9,96.5,2018,"FNP102"
"982000405915387",1,"Female",29,6.7,96.8,2019,"FNP103"
"982000405915387",1,"Female",32,6.1,102.4,2019,"FNP103"
"982000405915390",0,"Male",19,7.9,110.9,2018,"FNP077"
"982000405975633",0,"Female",14,4.7,92.7,2020,"FNP089"
"982000405975633",0,"Female",19,5.9,102.3,2020,"FNP092"
"982000405975683",0,"Male",16,6.4,102.6,2020,"FNP035A"
"982000405975683",0,"Male",19,7.3,105.3,2020,"FNP037"
"982000405975816",0,"Male",16,7.5,108.8,2020,"FNP020"
"982000405975816",0,"Male",22,8.8,109.5,2021,"FNP011"
"982000405975816",0,"Male",19,8.5,108.3,2020,"FNP034"
"982000405975816",1,"Male",24,8.6,109.2,2021,"FNP039"
"982000405975816",0,"Male",21,8.3,111.7,2021,"FNP008"
"982000405977606",0,"Male",17,7.4,103.8,2020,"FNP100"
"982000405977606",0,"Male",22,8.7,111.1,2021,"FNP114"
"982000405977606",0,"Male",19,8,109.3,2020,"FNP111"
"982000405977606",0,"Male",21,9,111,2021,"FNP095"
"982000405977669",0,"Female",14,6.2,95.6,2020,"FNP096"
"982000405978024",0,"Female",21,5.5,102.3,2021,"FNP116"
"982000405978024",0,"Female",16,6,100.3,2020,"FNP031A"
"982000405978024",0,"Female",14,5.1,98.7,2020,"FNP078"
"982000405978502",0,"Female",16,5.8,95,2020,"FNP023"
"982000405978502",0,"Female",21,7.4,104.4,2021,"FNP024"
"982000405978511",0,"Male",14,5.7,93.3,2020,"FNP007"
"982000405978511",0,"Male",16,6.3,100.9,2020,"FNP014"
"982000405978511",0,"Male",23,8,109,2021,"FNP024A"
"982000405978550",0,"Male",17,7.1,108.2,2020,"FNP080"
"982000405978550",1,"Male",19,8.9,110.7,2020,"FNP079"
"982000405978712",1,"Male",16,7.4,106.4,2020,"FNP036"
"982000405978741",0,"Male",19,9,116.7,2020,"FNP100"
"982000405978741",0,"Male",14,7.4,106.1,2020,"FNP092"
"982000405978741",1,"Male",21,10.5,117.8,2021,"FNP103"
"982000405982391",0,"Female",14,6.6,102.7,2020,"FNP090"
"982000405982594",0,"Male",19,8.8,113.2,2020,"FNP116"
"982000405982594",0,"Male",14,6.8,101.1,2020,"FNP032A"
"982000405982701",1,"Female",21,6.9,103.6,2021,"FNP032A"
"982000405982701",0,"Female",16,6.4,99.3,2020,"FNP032"
"982000405982747",1,"Male",37,6.4,119.2,2021,"FNP032A"
"982000405982747",0,"Male",34,8.8,114.5,2021,"FNP032A"
"982000405982747",0,"Male",22,5.9,107,2020,"FNP040"
"982000405982747",0,"Male",20,6.7,102,2019,"FNP038"
"982000405982747",0,"Male",17,6,101.5,2019,"FNP017"
"982000405982775",0,"Female",16,5.8,92,2020,"FNP013"
"982000405982775",0,"Female",19,5.5,98.6,2020,"FNP023"
"982000405982845",0,"Male",14,6.5,99.5,2020,"FNP079"
"982000405982845",1,"Male",25,8.4,116.2,2021,"FNP031A"
"982000405982845",0,"Male",16,6.5,104.3,2020,"FNP078"
"982000405982861",0,"Female",16,5.9,100.3,2020,"FNP036"
"982000405982861",0,"Female",14,5.8,98.6,2020,"FNP032A"
"982000405982914",0,"Female",22,6.9,106.5,2021,"FNP083"
"982000405982914",0,"Female",16,6.4,103.3,2020,"FNP078"
"982000405982914",0,"Female",14,6.3,100.9,2020,"FNP082"
"982000405982991",0,"Male",16,8.5,107.3,2020,"FNP091"
"982000405982991",0,"Male",14,8,103.6,2020,"FNP090"
"982000405983100",0,"Male",14,6.4,103.2,2020,"FNP015"
"982000405983100",1,"Male",25,7.7,113.4,2021,"FNP086"
"982000405983139",1,"Male",17,8.8,110,2020,"FNP103"
"982000405983144",0,"Female",14,6.6,100.7,2020,"FNP015"
"982000405983144",0,"Female",16,6.1,101.1,2020,"FNP007"
"982000405983152",1,"Female",31,6.5,105,2020,"FNP036"
"982000405983152",0,"Female",17,5.4,94.7,2019,"FNP035"
"982000405983152",1,"Female",37,7.2,108.1,2021,"FNP037"
"982000405983152",0,"Female",20,5.4,99,2019,"FNP039"
"982000405983152",1,"Female",26,6.5,100.1,2020,"FNP0039"
"982000405983180",0,"Male",17,7,104.5,2019,"FNP034"
"982000405983180",0,"Male",20,8.8,112,2019,"FNP036"
"982000405985358",0,"Female",25,5.8,105.8,2021,"FNP029"
"982000405985358",0,"Female",16,5,99.3,2020,"FNP030"
"982000405985358",0,"Female",22,5.5,103.2,2021,"FNP030"
"982000405985358",0,"Female",19,5.9,103.9,2020,"FNP031A"
"982000405985407",0,"Male",36,10.7,121.5,2021,"FNP021A"
"982000405985407",0,"Male",33,12,120.8,2021,"FNP021"
"982000405985407",0,"Male",22,9.4,117.6,2020,"FNP035"
"982000405985407",0,"Male",31,11.5,123.4,2020,"FNP034A"
"982000405985584",1,"Female",21,6.2,98.4,2021,"FNP089"
"982000405985630",0,"Female",14,4.5,91.6,2020,"FNP089"
"982000405985914",0,"Male",14,7.2,105.4,2020,"FNP037"
"982000405985914",0,"Male",19,8.7,111.6,2020,"FNP040"
"982000405985914",0,"Male",21,9.8,118.9,2021,"FNP035"
"982000405985914",1,"Male",24,9.2,116.4,2021,"FNP081"
"982000405985914",0,"Male",16,7.8,110.2,2020,"FNP035A"
"982000405986095",1,"Male",20,9.5,108,2019,"FNP022"
"982000410414290",1,"Female",31,6.9,105.1,2020,"FNP018"
"982000410414290",0,"Female",22,5.6,97.1,2020,"FNP015"
"982000410414290",0,"Female",17,4.6,95.7,2019,"FNP023"
"982000410414290",0,"Female",20,4.9,96.3,2019,"FNP037"
"982000410414290",0,"Female",28,6.2,100.3,2020,"FNP022"
"982000410414323",0,"Female",33,7.7,105.8,2021,"FNP031A"
"982000410414323",0,"Female",31,7.3,105.9,2020,"FNP032A"
"982000410414323",0,"Female",28,7.7,105.2,2020,"FNP027"
"982000410414350",1,"Female",26,8.4,107.3,2020,"FNP039"
"982000410414350",0,"Female",17,6.7,103.5,2019,"FNP037"
"982000410414350",0,"Female",20,6.8,98.5,2019,"FNP022"
"982000410415268",1,"Female",28,7.2,105.2,2020,"FNP034A"
"982000410415268",0,"Female",26,8,105,2020,"FNP035"
"982000410415268",1,"Female",31,7,107.3,2020,"FNP034"
"982000410415268",0,"Female",19,6.3,99.9,2019,"FNP032"
"982000410415268",0,"Female",17,5.2,94.3,2019,"FNP040"
"982000410418463",0,"Female",17,6.9,98.7,2019,"FNP034"
"982000410418713",1,"Female",17,8,102.3,2019,"FNP081"
"982000410418713",1,"Female",20,6.2,100.5,2019,"FNP034"
"982000410419042",1,"Male",20,8.6,109.5,2019,"FNP035"
"982000410419042",0,"Male",17,8.7,110.5,2019,"FNP035"
"982000410419156",0,"Female",20,6.5,100.9,2019,"FNP036"
"982000410419156",0,"Female",17,6.9,103.6,2019,"FNP040"
"982000410419156",0,"Female",22,7,104.1,2020,"FNP018"
"982000410420522",0,"Male",17,7,101.9,2019,"FNP096"
"982000410420752",0,"Male",17,7.2,100.6,2019,"FNP105"
"982000410420752",0,"Male",20,8.6,116.5,2019,"FNP103"
"982000410420784",0,"Male",23,9.2,114.3,2020,"FNP089"
"982000410420784",0,"Male",17,7.7,102.9,2019,"FNP091"
"982000410420788",0,"Female",28,7.3,107.7,2020,"FNP108"
"982000410420788",0,"Female",17,7.7,99.4,2019,"FNP085"
"982000410420788",0,"Female",26,8,106.2,2020,"FNP101"
"982000410420838",0,"Male",20,8.8,114.3,2019,"FNP104"
"982000410420838",0,"Male",17,8.2,101.9,2019,"FNP097"
"982000410420967",1,"Female",23,6.3,101.3,2020,"FNP079"
"982000410421013",1,"Female",17,5.2,99.5,2019,"FNP078"
"982000410421242",0,"Female",17,7.6,105.5,2019,"FNP091"
"982000410452435",0,"Male",17,7.3,104.9,2019,"FNP078"
"982000410452435",1,"Male",23,6.9,106.3,2020,"FNP079"
"982000410452457",0,"Male",17,8.7,111.6,2019,"FNP019"
"982000410452457",0,"Male",20,9.5,116.9,2019,"FNP020"
"982000410452578",0,"Female",20,5.2,102.4,2019,"FNP034"
"982000410452578",1,"Female",35,6.2,104.1,2021,"FNP035A"
"982000410452578",0,"Female",28,8,105.1,2020,"FNP035A"
"982000410452578",1,"Female",33,6.6,102.8,2021,"FNP035A"
"982000410452578",0,"Female",26,7.8,107.6,2020,"FNP034"
"982000410452634",0,"Male",23,9.8,116.8,2019,"FNP085"
"982000410452806",1,"Female",20,4.7,100.1,2019,"FNP097"
"982000410452806",1,"Female",17,6,99.4,2019,"FNP095"
"982000410452872",0,"Male",17,8.4,111.5,2019,"FNP027"
"982000410452872",0,"Male",22,8.1,108.3,2020,"FNP005"
"982000410452872",0,"Male",20,8.5,110.1,2019,"FNP008"
"982000410453076",0,"Male",20,10,116.2,2019,"FNP096"
"982000410453076",0,"Male",17,8.8,105.7,2019,"FNP101"
"982000410453175",1,"Female",20,5.7,100.9,2019,"FNP031"
"982000410453184",0,"Female",31,5.7,100.5,2020,"FNP003"
"982000410453184",0,"Female",26,6,101.1,2020,"FNP008"
"982000410453184",0,"Female",28,6.3,99.4,2020,"FNP004"
"982000410453184",0,"Female",17,4.3,95,2019,"FNP005"
"982000410453184",0,"Female",20,4.9,94.4,2019,"FNP007"
"982000410453196",0,"Male",20,6.7,100.8,2019,"FNP008"
"982000410453196",0,"Male",17,5.9,104.7,2019,"FNP002"
"982000410453224",0,"Male",20,8.6,107.5,2019,"FNP023"
"982000410453224",0,"Male",17,7.9,101.2,2019,"FNP007"
"982000410453224",1,"Male",26,8.4,110.1,2020,"FNP029"
"982000410453251",1,"Female",31,6.5,105.2,2020,"FNP034"
"982000410453251",0,"Female",28,6.5,100.1,2020,"FNP035"
"982000410453251",0,"Female",20,5.3,95.6,2019,"FNP040"
"982000410453251",0,"Female",17,5.3,94.8,2019,"FNP034"
"982000410453251",1,"Female",34,4.6,100.7,2021,"FNP022"
"982000410453251",0,"Female",26,6.8,100.2,2020,"FNP025"
"982009100568338",0,"Male",21,9.3,118,2006,"FNP090"
"982009100568338",0,"Male",27,10.8,122.5,2006,"FNP093"
"982009100568338",0,"Male",24,10.8,118.5,2006,"FNP094"
"982009100571571",1,"Male",24,8,120,2007,"FNP018"
"982009100571571",0,"Male",15,7.5,107.1,2006,"FNP030"
"982009100573994",0,"Female",16,6.5,107,2006,"FNP100"
"982009100573994",1,"Female",26,8,107,2007,"FNP109"
"982009100576234",0,"Male",15,7.69,109.6,2006,"FNP112"
"982009100812406",0,"Female",15,4.9,95.59,2006,"FNP005"
"982009100813321",0,"Female",21,5.69,107.5,2007,"FNP121"
"982009100813321",0,"Female",24,6,108,2007,"FNP119"
"982009100813321",0,"Female",26,7.3,110,2007,"FNP121"
"982009100813321",0,"Female",15,5.69,102.5,2006,"FNP117"
"982009100813321",0,"Female",37,7,111,2008,"FNP117"
"982009100813321",0,"Female",26,7,110,2007,"FNP122"
"982009100813321",0,"Female",26,7,110,2007,"FNP121"
"982009100813321",0,"Female",26,7.3,110,2007,"FNP122"
"982009100813826",0,"Male",21,9.3,117.5,2007,"FNP030"
"982009100815881",0,"Male",16,5.9,99.9,2006,"FNP108"
"982009100816007",0,"Female",15,5.3,101.9,2006,"FNP033"
"982009100816116",0,"Female",21,6.3,108.6,2007,"FNP018"
"982009100816116",0,"Female",15,4.09,100.9,2006,"FNP147"
"982009100817817",0,"Male",15,3.9,97.19,2006,"FNP001"
"982009100818758",0,"Female",21,6.09,107.5,2007,"FNP121"
"982009100818758",0,"Female",15,5.9,104.4,2006,"FNP121"
"982009100819331",0,"Male",15,6.3,100.6,2005,"FNP017"
"982009100819331",0,"Male",20,6.3,108.5,2005,"FNP016"
"982009100821376",0,"Female",39,5.9,104.8,2003,"FNP206"
"982009100821376",0,"Female",26,6.5,99.69,2002,"FNP201"
"982009100821923",0,"Female",20,4.8,95.19,2005,"FNP009"
"982009100821923",0,"Female",15,4.85,90.8,2005,"FNP011"
"982009100822863",0,"Female",21,4.9,105,2007,"FNP173"
"982009100822863",0,"Female",15,5.4,102.5,2006,"FNP031"
"982009100823609",0,"Male",15,5.59,106.4,2006,"FNP039"
"982009100830998",0,"Female",16,7.9,109,2006,"FNP108"
"982009100833397",0,"Female",15,5.4,99.3,2006,"FNP108"
"982009100837875",0,"Male",20,8.69,115.8,2005,"FNP120"
"982009100837875",0,"Male",15,7.5,108.1,2005,"FNP158"
"982009100837875",0,"Male",24,9.6,119,2006,"FNP119"
"982009100860589",0,"Female",15,5.5,101,2006,"FNP007"
"982009100866005",0,"Male",15,6.09,102.5,2006,"FNP025"
"982009100867175",1,"Male",24,6,106,2007,"FNP173"
"982009100867175",0,"Male",21,5.9,104.9,2007,"FNP013"
"982009100867175",0,"Male",15,4.4,95.59,2006,"FNP006"
"982009100870635",0,"Male",21,8.8,114,2007,"FNP092"
"982009100870635",0,"Male",15,6.19,102.9,2006,"FNP090"
"982009100872147",0,"Male",15,8.8,111.7,2005,"FNP037"
"982009100872770",0,"Female",15,5.4,104.6,2006,"FNP094"
"982009100872770",0,"Female",24,7,110,2007,"FNP094"
"982009100872770",0,"Female",21,7.09,109.5,2007,"FNP091"
"982009100873904",0,"Female",21,5.4,102.8,2007,"FNP034"
"982009100873904",0,"Female",15,5.4,101,2006,"FNP038"
"982009100873958",0,"Male",21,10,121,2007,"FNP085"
"982009100873958",1,"Male",26,8,121,2007,"FNP103"
"982009100876802",0,"Female",15,7.3,106.5,2006,"FNP087"
"982009100876802",1,"Female",24,5,106,2007,"FNP085"
"982009100884840",0,"Female",15,6.9,106.5,2006,"FNP085"
"982009100887035",0,"Male",15,5.69,104.5,2006,"FNP085"
"982009100888176",0,"Male",15,4.09,89.19,2006,"FNP030"
"982009100890109",0,"Male",24,7,113,2007,"FNP162"
"982009100890109",0,"Male",15,5.69,105.9,2006,"FNP039"
"982009100890202",0,"Female",15,4.9,102.1,2006,"FNP084"
"982009100890748",0,"Male",21,10.3,120.6,2006,"FNP106"
"982009100928588",1,"Male",24,9,120,2007,"FNP119"
"982009100928588",0,"Male",21,8.89,120.1,2007,"FNP123"
"982009100932973",0,"Female",21,6.3,106,2007,"FNP090"
"982009100932973",0,"Female",16,6.3,102.5,2006,"FNP090"
"982009100958183",0,"Female",24,6,107,2007,"FNP118"
"982009100958183",0,"Female",15,6.9,103.5,2006,"FNP117"
"982009100977609",0,"Female",15,5.69,100.3,2006,"FNP038"
"982009100977609",0,"Female",21,6.09,101.6,2007,"FNP037"
"982009100982932",0,"Female",24,6.69,104.3,2006,"FNP091"
"982009100982932",0,"Female",21,6.09,104,2006,"FNP092"
"982009100983132",1,"Male",24,10,120,2007,"FNP094"
"982009102230050",0,"Female",15,4.1,89.6,2005,"61"
"982009102240065",0,"Male",15,7.4,111.5,2006,"FNP164"
"982009102247939",0,"Female",15,6.4,102.4,2006,"FNP008"
"982009102247939",0,"Female",21,8.1,112.5,2007,"FNP025"
"982009102247939",1,"Female",24,8,113,2007,"FNP149"
"982009102253197",0,"Male",15,6.5,104.1,2005,"97"
"982009102293491",0,"Female",21,5,102.5,2007,"FNP011"
"982009102293491",0,"Female",15,5.09,100.8,2006,"FNP014"
"982009102428944",0,"Male",15,5.7,95.3,2005,"50"
"982009102429794",0,"Female",24,6.4,107.3,2006,"FNP028"
"982009102429794",0,"Female",15,7.3,101.5,2005,"FNP173"
"982009102429794",0,"Female",20,6,105.8,2005,"FNP176"
"982009102433412",0,"Male",20,9,115.5,2005,"FNP121"
"982009102433412",0,"Male",15,7.3,109.4,2005,"FNP116"
"982009102433412",0,"Male",26,8.89,119.8,2006,"FNP118"
"982009102433989",1,"Female",24,9,115,2007,"FNP020"
"982009102433989",0,"Female",15,6.59,101.4,2006,"FNP164"
"982009102434757",0,"Female",20,6.8,105.6,2005,"FNP006"
"982009102434757",0,"Female",15,5.8,96.2,2005,"46"
"982009102465561",0,"Female",15,5.4,100.4,2006,"FNP015"
"982009102465561",0,"Female",21,6.09,104.8,2007,"FNP039"
"982009102520507",0,"Female",32,5.59,104.5,2005,"FNP015"
"982009102520507",0,"Female",27,8,108.3,2005,"FNP021"
"982009102522153",0,"Female",15,5.5,95.8,2005,"FNP117"
"982009102525143",0,"Male",20,7.5,112.9,2005,"FNP173"
"982009102525143",0,"Male",24,9.1,116.4,2006,"FNP032"
"982009102525143",0,"Male",15,7.2,101.4,2005,"97"
"982009102525974",0,"Male",15,7.9,109.1,2005,"115"
"982009102525974",0,"Male",20,8.39,118,2005,"FNP085"
"982009102526582",0,"Female",21,5.4,100.5,2006,"FNP105"
"982009102526582",0,"Female",21,5.4,100.5,2006,"FNP124"
"982009102527280",0,"Male",27,7.19,118.1,2006,"FNP086"
"982009102527280",0,"Male",15,7.4,108.2,2005,"FNP037"
"982009102527280",0,"Male",20,8,115.3,2005,"FNP040"
"982009102527347",0,"Female",15,7.4,97.1,2005,"115"
"982009102530383",0,"Male",21,9.39,120,2007,"FNP034"
"982009102719691",0,"Female",21,6,105,2006,"FNP090"
"982009102719691",0,"Female",28,5.09,107,2006,"FNP093"
"982009102719691",0,"Female",24,5.5,106,2006,"FNP093"
"982009102725676",0,"Female",20,5.5,103,2005,"FNP162"
"982009102725676",0,"Female",15,6,99.7,2005,"26a"
"982009102727125",0,"Female",15,5.7,99.5,2005,"51"
"982009102727125",0,"Female",20,5.4,104,2005,"FNP040"
"982009102732057",0,"Female",15,6.4,93.4,2005,"FNP019"
"982009102732057",0,"Female",24,5.59,98.9,2006,"FNP037"
"982009102732057",0,"Female",20,4.8,102,2005,"FNP040"
"982009102734477",0,"Male",15,7.8,107.9,2005,"FNP222"
"982009102734477",0,"Male",20,9.3,120.5,2005,"FNP032"
"982009102737556",0,"Female",20,5.5,100.5,2005,"FNP015"
"982009102737556",0,"Female",15,5.6,97.3,2005,"6"
"982009102738673",0,"Male",51,7.7,117.6,2005,"59"
"982009102739907",0,"Male",20,8.19,119.5,2005,"FNP031"
"982009102739907",0,"Male",24,9.6,122.3,2006,"FNP162"
"982009102739907",0,"Male",15,7.8,112.3,2005,"81a"
"982009102739907",0,"Male",27,9.69,123.4,2006,"FNP034"
"982009102739957",0,"Male",20,9.1,117.1,2005,"FNP021"
"982009102739957",0,"Male",24,9.19,118.5,2006,"FNP173"
"982009102739957",0,"Male",15,8.1,109.8,2005,"26a"
"982009102754897",0,"Female",24,4.4,101.4,2006,"FNP024"
"982009102754897",0,"Female",15,5,92.4,2005,"FNP024"
"982009102754897",0,"Female",20,5.59,101.4,2005,"FNP022"
"982009102756952",0,"Male",20,7.19,112.9,2005,"FNP025"
"982009102756952",0,"Male",24,7.5,113.5,2006,"FNP006"
"982009102756952",0,"Male",15,6.1,102.6,2005,"FNP030"
"982009104234606",0,"Male",14,6,100,2007,"FNP119"
"982009104234846",0,"Female",14,5,93,2007,"FNP117"
"982009104253157",0,"Female",14,5,98,2007,"FNP158"
"982009104253157",0,"Female",14,5.4,98.09,2007,"FNP158"
"982009104272711",0,"Male",24,9,110,2007,"FNP091"
"982009104273860",1,"Female",27,8.5,103.5,2008,"FNP086"
"982009104273860",0,"Female",24,7,106,2008,"FNP087"
"982009104273860",0,"Female",15,5,97,2007,"FNP087"
"982009104278039",0,"Female",24,7,105,2008,"FNP086"
"982009104326007",0,"Female",15,4,93,2007,"FNP162"
"982009104330280",0,"Female",14,5,97,2007,"FNP117"
"982009104330280",1,"Female",24,6,103,2008,"FNP119"
"982009104330280",0,"Female",14,5.19,96.59,2007,"FNP117"
"982009104330365",1,"Male",27,10,117.5,2008,"FNP118"
"982009104330365",0,"Male",14,5.8,102.1,2007,"FNP123"
"982009104330365",0,"Male",14,6,102,2007,"FNP123"
"982009104335482",0,"Male",15,6,100,2007,"FNP030"
"982009104353469",0,"Female",24,5,99,2008,"FNP039"
"982009104353469",0,"Female",14,4,89,2007,"FNP087"
"982009104353469",0,"Female",25,5,102,2008,"FNP147"
"982009104355375",1,"Female",24,7,108,2008,"FNP034"
"982009104355375",0,"Female",15,4,94,2007,"FNP158"
"982009104718868",0,"Male",15,6.19,102.8,2008,"FNP123"
"982009104790631",0,"Male",30,7.6,114,2013,"FNP056"
"982009104818981",0,"Male",30,9,112,2013,"FNP073"
"982009104820975",1,"Female",30,7.8,108,2013,"FNP055"
"982009104822380",0,"Male",16,7.7,111,2011,"FNP103"
"982009104822380",0,"Male",29,10.1,121,2012,"FNP102"
"982009104844351",0,"Female",42,7.9,109,2013,"FNP055"
"982009104858173",0,"Male",16,7,110,2011,"FNP039"
"982009104858722",0,"Female",16,6.5,102,2011,"FNP093"
"982009104858722",0,"Female",29,6.8,108,2012,"FNP091"
"982009104858722",0,"Female",42,8.4,108,2013,"FNP101"
"982009104862184",0,"Female",21,5.3,102.6,2007,"FNP084"
"982009104863360",0,"Female",16,5.8,102,2011,"FNP085"
"982009104870897",0,"Male",30,8.5,109,2013,"FNP138"
"982009104870897",0,"Male",62,11.4,122.9,2016,"FNP082"
"982009104870897",0,"Male",49,10.9,101,2015,"FNP033"
"982009104874367",0,"Male",16,7.5,109,2011,"FNP034"
"982009104875191",0,"Female",17,7,98,2010,"FNP121"
"982009104875191",0,"Female",17,7,98,2010,"FNP122"
"982009104887392",0,"Male",27,8,108,2008,"FNP121"
"982009104887392",0,"Male",27,8,108,2008,"FNP122"
"982009104887392",0,"Male",24,7,102,2008,"FNP117"
"982009104938840",1,"Female",18,6,100,2013,"FNP091"
"982009104963246",1,"Male",24,7,105,2007,"FNP094"
"982009104963246",1,"Male",26,7,106,2007,"FNP103"
"982009104963246",0,"Male",21,6.3,104,2007,"FNP090"
"982009104968600",0,"Male",17,7,100,2010,"FNP122"
"982009104968600",0,"Male",17,7,100,2010,"FNP121"
"982009105154468",0,"Male",14,6,96,2007,"FNP101"
"982009105154468",1,"Male",27,9,113.8,2008,"FNP101"
"982009105154468",1,"Male",24,8,117,2008,"FNP094"
"982009105155361",0,"Male",14,8.8,108,2008,"FNP037"
"982009105160547",0,"Female",14,6,99,2007,"FNP125"
"982009105164113",0,"Male",14,7,107,2007,"FNP101"
"982009105164994",0,"Female",15,7.59,106,2008,"FNP093"
"982009105166505",0,"Male",14,7.3,104.4,2008,"FNP033"
"982009105166817",0,"Female",15,4,88,2007,"FNP039"
"982009105169680",0,"Male",14,8.1,108.5,2008,"FNP033"
"982009105170604",0,"Male",15,8.6,115.6,2008,"FNP100"
"982009105172395",0,"Female",14,4.9,95.3,2007,"FNP173"
"982009105172395",0,"Female",14,5,95,2007,"FNP173"
"982009105172395",0,"Female",26,7.8,104.8,2008,"FNP031"
"982009105172734",0,"Male",15,6.8,106.1,2008,"FNP093"
"982009105174487",0,"Female",15,5.59,94.69,2008,"FNP195"
"982009105175237",1,"Male",24,9,118,2008,"FNP086"
"982009105175414",0,"Female",26,5,100,2007,"FNP125"
"982009105185038",0,"Male",15,4.8,92.5,2008,"FNP114"
"982009105185059",0,"Male",15,7,100,2009,"FNP031"
"982009105185813",0,"Female",15,5,90.59,2008,"FNP096"
"982009105188074",0,"Male",14,5,99,2007,"FNP039"
"982009105188074",1,"Male",26,6.5,107.1,2008,"FNP039"
"982009105188074",1,"Male",24,7,109,2008,"FNP173"
"982009105194006",0,"Male",14,6,100,2007,"FNP101"
"982009105195521",0,"Male",15,5.4,91.5,2008,"FNP100"
"982009105195861",0,"Female",15,5.59,95.8,2008,"FNP109"
"982009105198142",0,"Male",14,8,110,2007,"FNP104"
"982009105198274",0,"Male",15,7.3,102.4,2008,"FNP160"
"982009105199949",0,"Male",15,6.69,106.1,2008,"FNP104"
"982009105363992",1,"Male",24,7,106,2008,"FNP006"
"982009105363992",0,"Male",15,5,99,2007,"FNP006"
"982009105384803",0,"Male",14,7,109,2007,"FNP096"
"982009105830109",1,"Female",16,5.7,102,2011,"FNP033"
"982009106089677",0,"Female",14,7,99,2009,"FNP118"
"982009106188942",0,"Male",14,7,101,2009,"FNP119"
"982009106218282",1,"Female",16,6.3,105,2011,"FNP034"
"982009106237585",0,"Male",18,8.5,112,2013,"FNP116"
"982009106237585",0,"Male",40,12,124,2015,"FNP080"
"982009106237585",1,"Male",37,10.5,123,2015,"FNP033"
"982009106237585",0,"Male",38,12.3,122,2015,"FNP086"
"982009106246522",0,"Female",50,9.3,110,2015,"FNP078"
"982009106246522",0,"Female",52,8,111,2015,"FNP079"
"982009106246522",0,"Female",30,6.4,104,2013,"FNP139"
"982009106246522",0,"Female",64,8.2,110.9,2016,"FNP077"
"982009106246522",0,"Female",62,9.2,109.4,2016,"FNP079"
"982009106392944",0,"Female",17,6,100,2010,"FNP120"
"982009106392944",1,"Female",28,5.8,110,2011,"FNP116"
"982009106410482",0,"Male",16,7.8,111,2011,"FNP116"
"982009106494080",1,"Male",30,8.4,102,2013,"FNP070"
"982009106498545",0,"Female",17,6,102,2010,"FNP121"
"982009106498545",0,"Female",17,6,102,2010,"FNP122"
"982009106502994",0,"Male",17,8,106,2010,"FNP123"
"982009106502994",1,"Male",28,10,125,2011,"FNP023"
"982009106518955",0,"Male",28,9.3,113,2011,"FNP118"
"982009106519526",0,"Female",41,7.9,116,2012,"FNP098"
"982009106519526",0,"Female",17,7,104,2010,"FNP096"
"982009106519526",0,"Female",28,7.8,108,2011,"FNP102"
"982009106523368",0,"Male",17,8,108,2010,"FNP096"
"982009106525696",1,"Male",17,8,105,2010,"FNP092"
"982009106540080",0,"Female",16,6.7,103,2011,"FNP118"
"982009106545663",1,"Male",18,8,110,2013,"FNP053"
"982009106606059",0,"Male",17,9,114,2010,"FNP122"
"982009106606059",0,"Male",17,9,114,2010,"FNP121"
"982009106676823",0,"Female",51,9.5,110.1,2016,"FNP033"
"982009106676823",0,"Female",56,7.3,108.4,2016,"FNP033"
"982009106676823",0,"Female",54,6.8,107.9,2016,"FNP035"
"982009106676823",0,"Female",18,8,100,2013,"FNP033"
"982009106676823",0,"Female",38,10.8,109,2015,"FNP033"
"982009106676823",0,"Female",53,8.4,109.2,2016,"FNP031"
"982009106676823",0,"Female",42,8.9,108.9,2015,"FNP034"
"985120015476925",0,"Female",27,5.3,102.5,2005,"FNP026"
"985120015476925",0,"Female",14,2.79,85.19,2004,"FNP002"
"985120015476925",0,"Female",32,5,100.4,2005,"FNP001"
"985120015476925",0,"Female",36,4.59,103.9,2006,"FNP002"
"985120015476925",0,"Female",39,6.3,106,2006,"FNP001"
"985120015476925",0,"Female",19,4.9,88,2004,"FNP001"
"985120015516664",0,"Female",15,5.09,92.69,2004,"FNP121"
"985120015626843",0,"Male",15,6.4,102,2004,"FNP158"
"985120015627174",0,"Male",19,7.9,109,2004,"FNP149"
"985120015995275",0,"Female",19,6.1,105.5,2004,"FNP118"
"985120015995557",0,"Female",19,6.3,105.3,2004,"FNP096"
"985120015995557",0,"Female",27,9,106.5,2005,"FNP221"
"985120015995852",0,"Female",19,6.3,100.5,2004,"FNP040"
"985120015996311",0,"Female",31,6.7,108,2004,"FNP086"
"985120015996311",0,"Female",27,7.8,107.9,2004,"FNP111"
"985120015997480",0,"Female",19,5.7,104.5,2004,"FNP039"
"985120015997480",0,"Female",27,8.9,116.1,2005,"FNP021"
"985120015999193",0,"Female",19,5.7,106.8,2004,"FNP122"
"985120015999193",0,"Female",19,5.7,106.8,2004,"FNP121"
"985120015999432",0,"Female",15,4.69,96.8,2004,"FNP120"
"985120015999432",0,"Female",27,7.5,116.1,2005,"FNP118"
"985120015999432",0,"Female",19,5.9,104.7,2004,"FNP120"
"985120015999432",0,"Female",32,5.3,113.5,2005,"FNP122"
"985120015999432",0,"Female",32,5.3,113.5,2005,"FNP121"
"985120015999796",0,"Male",21,8.19,117.6,2006,"FNP094"
"985120016002981",0,"Female",15,5.59,97.09,2004,"FNP101"
"985120016005146",0,"Male",26,8.3,103,2004,"FNP006"
"985120016005146",0,"Male",14,5.3,100,2003,"FNP005"
"985120016019072",0,"Male",15,5.4,101.1,2004,"FNP101"
"985120016020002",0,"Female",44,6.5,106.5,2004,"FNP106"
"985120016020002",0,"Female",39,8.39,109,2004,"FNP109"
"985120016020905",0,"Male",20,5.4,105.6,2005,"FNP007"
"985120016020905",0,"Male",33,7.9,116.1,2007,"FNP026"
"985120016022202",0,"Male",14,4.9,86.4,2004,"FNP026"
"985120016022249",0,"Female",19,5.8,102.8,2004,"FNP025"
"985120016022249",0,"Female",14,4,82.09,2004,"FNP150"
"985120016022249",0,"Female",32,6.19,105.5,2005,"FNP004"
"985120016022329",0,"Male",15,6.19,102.5,2004,"FNP091"
"985120016022329",0,"Male",19,8.3,112.2,2004,"FNP094"
"985120016022370",0,"Female",15,5.09,100.5,2004,"FNP122"
"985120016022370",0,"Female",19,5.6,105.9,2004,"FNP119"
"985120016022370",0,"Female",15,5.09,100.5,2004,"FNP121"
"985120016024442",0,"Female",15,6.09,100.4,2004,"FNP116"
"985120016024616",0,"Male",15,7,105.6,2004,"FNP121"
"985120016024616",0,"Male",15,7,105.6,2004,"FNP122"
"985120016024616",0,"Male",15,7.6,105.7,2004,"63"
"985120016025982",0,"Female",14,5,94.69,2004,"FNP149"
"985120016025982",0,"Female",19,5.9,98.2,2004,"FNP028"
"985120016028557",0,"Male",19,9.7,120.2,2004,"FNP086"
"985120016028557",0,"Male",15,7.4,111.6,2004,"FNP037"
"985120016030056",0,"Male",27,9.19,108,2004,"FNP033"
"985120016032124",0,"Female",26,5.19,104.3,2004,"FNP201"
"985120016032124",0,"Female",63,7.19,104.5,2007,"FNP202"
"985120016032124",0,"Female",15,4,98.8,2003,"FNP207"
"985120016032124",0,"Female",52,5.9,106.3,2006,"FNP199"
"985120016046647",0,"Male",14,5.5,92.69,2004,"FNP007"
"985120016046647",0,"Male",19,7.4,104.5,2004,"FNP026"
"985120016046647",0,"Male",27,9.2,112.2,2005,"49"
"985120016046743",0,"Female",15,5.09,100.6,2004,"FNP115"
"985120016055944",0,"Male",15,11.1,122.6,2004,"FNP142"
"985120016057245",0,"Female",15,5.19,99.59,2004,"FNP088"
"985120016060545",0,"Male",19,8.5,101.5,2004,"FNP147"
"985120016060545",0,"Male",15,7.5,105.4,2004,"FNP037"
"985120016060923",0,"Female",15,5.19,96.4,2004,"FNP091"
"985120016061752",0,"Female",27,9.9,111.4,2005,"FNP158"
"985120016061752",0,"Female",19,6.9,105.6,2004,"FNP118"
"985120016061752",0,"Female",15,6.19,106.9,2004,"FNP120"
"985120016061752",0,"Female",32,6.8,108.6,2005,"FNP120"
"985120016061875",0,"Female",19,5.09,100.3,2004,"FNP108"
"985120016062024",0,"Male",19,9.1,116.8,2004,"FNP142"
"985120016062024",0,"Male",15,7.59,108.5,2004,"FNP102"
"985120016062601",0,"Male",27,9.1,113.8,2004,"FNP086"
"985120016062601",0,"Male",31,10.1,122.2,2004,"FNP090"
"985120016062601",0,"Male",27,9.7,113.8,2004,"FNP086"
"985120016063435",0,"Female",27,6.9,103.5,2004,"FNP124"
"985120016063435",0,"Female",27,6.9,103.5,2004,"FNP105"
"985120016064676",0,"Female",39,6.4,104.8,2004,"FNP031"
"985120016065278",0,"Female",19,5.2,99.4,2004,"FNP020"
"985120016066498",0,"Female",14,6.59,90.8,2004,"FNP030"
"985120016069370",0,"Female",26,7,101,2004,"FNP005"
"985120016069370",0,"Female",39,9.1,109.2,2005,"59"
"985120016069370",0,"Female",31,6.9,102,2004,"FNP027"
"985120016069370",0,"Female",14,5.3,100.4,2003,"FNP009"
"985120016069464",0,"Female",31,7.6,111.7,2004,"FNP031"
"985120016071738",0,"Female",26,5,94.8,2004,"FNP195"
"985120016072001",0,"Female",32,6.7,107.3,2004,"FNP121"
"985120016072001",0,"Female",32,6.7,107.3,2004,"FNP122"
"985120016077148",0,"Male",15,5.5,100,2004,"FNP105"
"985120016077148",0,"Male",15,5.5,100,2004,"FNP124"
"985120016078264",0,"Female",20,5.5,100.3,2004,"FNP097"
"985120016079298",0,"Male",14,4.19,88.5,2004,"FNP198"
"985120016079298",0,"Male",32,7.3,110,2005,"FNP025"
"985120016079298",0,"Male",27,6.3,103.8,2005,"61"
"985120016080892",0,"Female",26,5.5,93.19,2004,"FNP028"
"985120016080892",0,"Female",31,6.6,96,2004,"FNP028"
"985120016083872",0,"Female",38,5.9,104.1,2004,"FNP164"
"985120016083872",0,"Female",43,5.1,94.3,2004,"FNP144"
"985120016083872",0,"Female",15,5,95.9,2002,"FNP162"
"985120016083872",0,"Female",26,6,107.8,2003,"FNP021"
"985120016084357",0,"Female",32,6.19,110,2005,"FNP022"
"985120016086299",0,"Female",14,5.69,97.3,2003,"FNP091"
"985120016086299",0,"Female",31,6.6,108.5,2004,"FNP090"
"985120016086565",0,"Female",19,5.5,99.8,2004,"FNP039"
"985120016086565",0,"Female",36,4.59,106,2006,"FNP040"
"985120016086565",0,"Female",32,5.4,106.8,2005,"FNP086"
"985120016086565",0,"Female",14,5.09,86.9,2004,"FNP164"
"985120016087267",0,"Male",27,7.4,125,2005,"FNP039"
"985120016087267",0,"Male",14,5,94.59,2004,"FNP164"
"985120016087267",0,"Male",19,6.8,99.1,2004,"FNP018"
"985120016092707",0,"Female",15,6.19,98.19,2004,"FNP118"
"985120016096194",0,"Male",19,7.6,113.5,2004,"FNP094"
"985120016099646",0,"Female",27,8.5,105,2004,"FNP040"
"985120016099832",0,"Male",32,8.1,115.1,2005,"FNP015"
"985120016099832",0,"Male",14,4.69,89.3,2004,"FNP003"
"985120016099832",0,"Male",19,7,97.8,2004,"FNP010"
"985120016099832",0,"Male",27,7.7,114.1,2005,"48a"
"985120016109807",0,"Female",14,4.9,79,2004,"51"
"985120016109807",0,"Female",14,4.3,79,2004,"FNP150"
"FNP000000000002",0,"Female",57,6.94,110.5,2000,"FNP009"
"FNP000000000002",0,"Female",50,8.69,110,1999,"FNP108"
"FNP000000000003",0,"Male",48,9,120,2000,"FNP015"
"FNP000000000003",0,"Male",57,13,119.6,2001,"FNP014"
"FNP000000000003",0,"Male",60,9.55,122.1,2001,"FNP010"
"FNP000000000003",0,"Male",38,10.3,117.5,1999,"FNP013"
"FNP000000000003",0,"Male",69,11.1,117.3,2002,"FNP024"
"FNP000000000003",0,"Male",62,12.6,119.4,2001,"FNP016"
"FNP000000000003",0,"Male",55,12.1,120.8,2000,"FNP013"
"FNP000000000004",0,"Male",31,11.3,118.8,2000,"FNP016"
"FNP000000000004",0,"Male",39,10.8,119.4,2001,"FNP150"
"FNP000000000004",0,"Male",14,8.19,109.4,1999,"FNP023"
"FNP000000000004",0,"Male",48,10.3,120.1,2002,"FNP012"
"FNP000000000004",0,"Male",33,11.6,120.5,2001,"FNP017"
"FNP000000000004",0,"Male",41,10.6,123.5,2001,"FNP013"
"FNP000000000004",0,"Male",21,9.25,116.8,2000,"FNP164"
"FNP000000000004",0,"Male",51,10.6,120.4,2002,"FNP024"
"FNP000000000010",0,"Female",38,7.9,114.5,1999,"FNP024"
"FNP000000000011",0,"Female",45,7.9,113.1,2002,"FNP005"
"FNP000000000011",0,"Female",21,6.09,106.8,2000,"FNP007"
"FNP000000000011",0,"Female",14,4.4,96.9,1999,"FNP011"
"FNP000000000011",0,"Female",31,8.6,111.3,2000,"FNP010"
"FNP000000000012",0,"Female",31,9,105.9,2000,"FNP025"
"FNP000000000012",0,"Female",33,8.1,98.19,2001,"FNP164"
"FNP000000000012",0,"Female",22,5.84,100.3,2000,"FNP163"
"FNP000000000012",0,"Female",14,5,95,1999,"FNP012"
"FNP000000000013",0,"Male",33,11.8,118,2001,"FNP013"
"FNP000000000013",0,"Male",14,5.09,96.19,1999,"FNP108"
"FNP000000000013",0,"Male",21,7.75,112.3,2000,"FNP012"
"FNP000000000013",0,"Male",31,10.3,115.8,2000,"FNP011"
"FNP000000000014",0,"Male",33,9.35,120,2000,"FNP006"
"FNP000000000015",0,"Male",31,8.3,112.5,2000,"FNP150"
"FNP000000000015",0,"Male",14,5,94.5,1999,"FNP011"
"FNP000000000015",0,"Male",33,9.85,112,2001,"FNP005"
"FNP000000000015",0,"Male",27,9,111,2000,"FNP164"
"FNP000000000015",0,"Male",36,8.39,113,2001,"FNP007"
"FNP000000000016",0,"Female",33,7.05,107.4,2000,"FNP150"
"FNP000000000016",0,"Female",45,8.19,106.1,2001,"FNP026"
"FNP000000000016",0,"Female",26,9.1,107,1999,"FNP012"
"FNP000000000016",0,"Female",43,9.1,106,2000,"FNP163"
"FNP000000000016",0,"Female",48,7.25,107.6,2001,"FNP150"
"FNP000000000017",0,"Female",41,7.69,108.5,2001,"FNP019"
"FNP000000000017",0,"Female",31,6.8,107.5,2000,"FNP019"
"FNP000000000017",0,"Female",38,8.19,107.9,2001,"FNP163"
"FNP000000000017",0,"Female",45,6.69,108,2002,"FNP019"
"FNP000000000017",0,"Female",24,6.3,107.8,2000,"FNP164"
"FNP000000000017",0,"Female",50,8,109.5,2002,"FNP087"
"FNP000000000017",0,"Female",63,5.4,116,2003,"FNP152"
"FNP000000000017",0,"Female",14,3.7,95.09,1999,"FNP019"
"FNP000000000018",0,"Male",62,11.8,123.5,2001,"FNP149"
"FNP000000000018",0,"Male",38,9.8,123.1,1999,"FNP022"
"FNP000000000018",0,"Male",45,11.9,124.9,2000,"FNP024"
"FNP000000000018",0,"Male",59,10.3,124,2001,"FNP031"
"FNP000000000018",0,"Male",57,13.3,124.5,2001,"FNP023"
"FNP000000000019",0,"Female",43,9.1,108.4,2000,"FNP026"
"FNP000000000019",0,"Female",51,10.8,108.5,2001,"FNP149"
"FNP000000000019",0,"Female",38,7.8,108.5,2000,"FNP198"
"FNP000000000019",0,"Female",26,7.8,105.8,1999,"FNP009"
"FNP000000000020",0,"Female",26,6.59,103.5,1999,"FNP009"
"FNP000000000021",0,"Female",55,8.8,107.1,2000,"FNP013"
"FNP000000000021",0,"Female",45,6.44,105.9,2000,"FNP015"
"FNP000000000021",0,"Female",38,8.89,106.6,1999,"FNP013"
"FNP000000000021",0,"Female",60,7.05,103.5,2001,"FNP008"
"FNP000000000022",0,"Female",26,6.5,107.6,1999,"FNP020"
"FNP000000000022",0,"Female",60,8.39,111.3,2002,"FNP037"
"FNP000000000022",0,"Female",63,9,112.4,2002,"FNP150"
"FNP000000000022",0,"Female",42,8.6,111.5,2000,"FNP034"
"FNP000000000022",0,"Female",45,8.3,108.9,2001,"FNP147"
"FNP000000000022",0,"Female",75,7.59,113.5,2003,"FNP038"
"FNP000000000022",0,"Female",53,6.8,108.6,2001,"FNP022"
"FNP000000000022",0,"Female",57,7.59,110.3,2002,"FNP030"
"FNP000000000022",0,"Female",50,7.59,110.8,2001,"FNP037"
"FNP000000000022",0,"Female",36,7.09,110.6,2000,"FNP019"
"FNP000000000022",0,"Female",48,7.69,111,2001,"FNP151"
"FNP000000000023",0,"Female",50,9.64,104.1,2001,"FNP024"
"FNP000000000023",0,"Female",53,8.75,101.5,2001,"FNP024"
"FNP000000000023",0,"Female",43,8.19,104.6,2000,"FNP027"
"FNP000000000023",0,"Female",26,6.5,100.8,1999,"FNP024"
"FNP000000000023",0,"Female",33,5.65,101.5,2000,"FNP188"
"FNP000000000023",0,"Female",60,7.8,106,2002,"FNP024"
"FNP000000000023",0,"Female",57,8.69,105.9,2002,"FNP025"
"FNP000000000025",0,"Female",21,6.44,105,2000,"FNP108"
"FNP000000000025",0,"Female",14,5,95,1999,"FNP024"
"FNP000000000026",0,"Male",33,9.19,108.5,2001,"FNP024"
"FNP000000000026",0,"Male",38,9.39,111.3,2001,"FNP010"
"FNP000000000026",0,"Male",14,2.7,80.3,1999,"FNP025"
"FNP000000000026",0,"Male",31,8.5,109.3,2000,"FNP188"
"FNP000000000026",0,"Male",21,5.55,100,2000,"FNP022"
"FNP000000000026",0,"Male",41,9.19,110.8,2001,"FNP014"
"FNP000000000026",0,"Male",36,8.85,109.9,2001,"FNP015"
"FNP000000000027",0,"Female",63,7,109.5,2001,"FNP190"
"FNP000000000027",0,"Female",45,6.69,110.8,2000,"FNP147"
"FNP000000000027",0,"Female",51,7.59,109.3,2000,"FNP195"
"FNP000000000028",0,"Female",14,4.59,93.09,1999,"FNP008"
"FNP000000000029",0,"Male",14,3.79,88.5,1999,"FNP008"
"FNP000000000030",0,"Female",57,6.9,102.8,2002,"FNP009"
"FNP000000000030",0,"Female",26,5.3,100,1999,"FNP002"
"FNP000000000030",0,"Female",33,4.55,101,2000,"FNP001"
"FNP000000000031",0,"Male",14,6.09,106.4,1999,"55"
"FNP000000000032",0,"Male",39,7.8,117.4,2000,"FNP015"
"FNP000000000032",0,"Male",26,5.3,109.1,1999,"FNP002"
"FNP000000000032",0,"Male",36,6.69,117.8,2000,"FNP002"
"FNP000000000033",0,"Female",14,3,87.59,1999,"FNP002"
"FNP000000000033",0,"Female",27,7.19,98.59,2000,"FNP196"
"FNP000000000034",0,"Male",33,10.7,122,2000,"FNP031"
"FNP000000000034",0,"Male",26,8.89,116,1999,"FNP152"
"FNP000000000035",0,"Male",26,9.39,120.5,1999,"FNP172"
"FNP000000000035",0,"Male",36,10.8,124.9,2000,"FNP164"
"FNP000000000036",0,"Female",30,7.19,111,2000,"FNP122"
"FNP000000000036",0,"Female",14,5.9,96.8,1999,"FNP121"
"FNP000000000036",0,"Female",38,9,112,2001,"FNP121"
"FNP000000000036",0,"Female",51,9.94,114,2002,"FNP122"
"FNP000000000036",0,"Female",51,9.94,114,2002,"FNP121"
"FNP000000000036",0,"Female",30,7.19,111,2000,"FNP121"
"FNP000000000036",0,"Female",24,7.59,110.5,2000,"FNP158"
"FNP000000000037",0,"Female",26,8.39,109.4,1999,"FNP116"
"FNP000000000038",0,"Female",14,6.19,104,1999,"73"
"FNP000000000038",0,"Female",24,8.89,111.5,2000,"FNP121"
"FNP000000000039",0,"Female",45,7,108.6,2002,"FNP116"
"FNP000000000039",0,"Female",21,6.84,104,2000,"FNP011"
"FNP000000000039",0,"Female",31,7.9,108.4,2000,"FNP119"
"FNP000000000039",0,"Female",33,7.69,108.9,2001,"FNP117"
"FNP000000000040",0,"Male",14,5.69,101.4,1999,"FNP118"
"FNP000000000041",0,"Male",14,6.8,104,1999,"FNP118"
"FNP000000000042",0,"Female",36,7.19,107.9,2001,"FNP116"
"FNP000000000042",0,"Female",48,7.9,109.8,2002,"FNP121"
"FNP000000000042",0,"Female",34,8.5,106.6,2001,"FNP121"
"FNP000000000042",0,"Female",48,7.9,109.8,2002,"FNP122"
"FNP000000000042",0,"Female",34,8.5,106.6,2001,"FNP122"
"FNP000000000042",0,"Female",21,6.25,105,2000,"FNP119"
"FNP000000000042",0,"Female",31,7.4,106.8,2000,"FNP118"
"FNP000000000042",0,"Female",14,5.3,98.4,1999,"FNP158"
"FNP000000000042",0,"Female",38,8.5,108.5,2001,"FNP118"
"FNP000000000042",0,"Female",50,9.19,110.1,2002,"FNP120"
"FNP000000000042",0,"Female",41,9.1,109.3,2001,"FNP119"
"FNP000000000043",0,"Female",43,7.8,109,2000,"FNP170"
"FNP000000000043",0,"Female",34,7.05,109.1,2000,"FNP039"
"FNP000000000043",0,"Female",26,6.9,103.8,1999,"88"
"FNP000000000044",0,"Male",38,10.3,132.3,1999,"FNP172"
"FNP000000000045",0,"Female",14,5.5,100,1999,"FNP152"
"FNP000000000046",0,"Female",26,7.5,108.3,1999,"FNP031"
"FNP000000000047",0,"Male",26,8.6,116.6,1999,"FNP030"
"FNP000000000048",0,"Male",26,9.5,121.8,1999,"FNP119"
"FNP000000000049",0,"Female",14,5.09,99.3,1999,"FNP151"
"FNP000000000050",0,"Female",26,9.39,111.1,1999,"FNP152"
"FNP000000000051",0,"Male",48,10.3,124.1,2000,"FNP040"
"FNP000000000051",0,"Male",38,10.8,123.5,1999,"FNP038"
"FNP000000000051",0,"Male",46,10.4,124,2000,"FNP031"
"FNP000000000052",0,"Male",41,11,124.4,2001,"FNP023"
"FNP000000000052",0,"Male",63,10,126.6,2003,"FNP031"
"FNP000000000052",0,"Male",51,11.6,124.3,2002,"FNP016"
"FNP000000000052",0,"Male",38,11.1,125.5,2001,"FNP030"
"FNP000000000052",0,"Male",14,5.4,104.9,1999,"86"
"FNP000000000052",0,"Male",45,12.3,125,2002,"FNP022"
"FNP000000000052",0,"Male",31,10.1,122.5,2000,"FNP031"
"FNP000000000052",0,"Male",48,9.64,123.6,2002,"FNP163"
"FNP000000000053",0,"Male",60,11.1,126.4,2002,"FNP025"
"FNP000000000053",0,"Male",74,8.3,121.5,2003,"FNP028"
"FNP000000000053",0,"Male",26,9.3,116,1999,"FNP118"
"FNP000000000053",0,"Male",36,10.6,124.5,2000,"FNP039"
"FNP000000000053",0,"Male",42,13,126.5,2000,"FNP170"
"FNP000000000053",0,"Male",50,11.8,126.4,2001,"FNP031"
"FNP000000000054",0,"Female",14,4.9,96.9,1999,"FNP119"
"FNP000000000054",0,"Female",38,8.8,110.9,2001,"FNP031"
"FNP000000000055",0,"Male",14,4.5,97.59,1999,"FNP028"
"FNP000000000056",0,"Female",36,8.69,109.5,2000,"FNP151"
"FNP000000000056",0,"Female",50,8.5,108.7,2001,"82"
"FNP000000000056",0,"Female",26,7.19,109,1999,"FNP040"
"FNP000000000057",0,"Female",14,4.9,99,1999,"FNP030"
"FNP000000000057",0,"Female",24,6.9,111.4,2000,"FNP121"
"FNP000000000057",0,"Female",24,6.9,111.4,2000,"FNP122"
"FNP000000000058",0,"Female",38,6.3,107.5,1999,"FNP122"
"FNP000000000058",0,"Female",38,6.3,107.5,1999,"FNP121"
"FNP000000000058",0,"Female",75,8,109,2002,"FNP118"
"FNP000000000058",0,"Female",48,7.9,109.5,2000,"FNP019"
"FNP000000000059",0,"Male",26,8.39,124.6,1999,"FNP117"
"FNP000000000061",0,"Male",27,13.3,124.6,2000,"FNP108"
"FNP000000000062",0,"Male",39,13.3,123,2000,"FNP100"
"FNP000000000062",1,"Male",50,10.3,126.1,2001,"FNP096"
"FNP000000000063",0,"Male",27,11,117.5,2000,"FNP107"
"FNP000000000064",0,"Male",27,9.69,119.1,2000,"FNP101"
"FNP000000000065",0,"Female",27,10.8,113.3,2000,"FNP125"
"FNP000000000069",0,"Female",51,12.8,114.9,2000,"FNP115"
"FNP000000000071",0,"Female",39,11.6,113.6,2000,"FNP125"
"FNP000000000075",0,"Female",27,10,108.4,2000,"FNP105"
"FNP000000000075",0,"Female",27,10,108.4,2000,"FNP124"
"FNP000000000076",1,"Male",62,11.3,126.5,2001,"FNP096"
"FNP000000000076",0,"Male",51,10.5,130,2000,"FNP107"
"FNP000000000086",0,"Female",27,10.1,105.5,2000,"FNP096"
"FNP000000000087",0,"Male",27,10.3,115.9,2000,"FNP105"
"FNP000000000087",0,"Male",27,10.3,115.9,2000,"FNP124"
"FNP000000000093",0,"Female",27,10.1,110,2000,"FNP107"
"FNP000000000098",0,"Male",38,12,125.1,2001,"FNP100"
"FNP000000000098",0,"Male",27,12.1,117.5,2000,"FNP103"
"FNP000000000105",0,"Male",34,10.4,125.9,2000,"FNP040"
"FNP000000000105",0,"Male",50,10.5,125.8,2001,"FNP102"
"FNP000000000106",0,"Female",72,8.25,115.9,2002,"FNP160"
"FNP000000000111",0,"Female",39,8.8,108.4,2002,"16"
"FNP000000000113",0,"Female",21,6.8,99.09,2001,"FNP149"
"FNP000000000113",0,"Female",24,7,100.5,2001,"FNP020"
"FNP000000000113",0,"Female",19,6.19,99,2000,"FNP012"
"FNP000000000117",0,"Female",21,6.19,99.09,2001,"FNP016"
"FNP000000000117",0,"Female",29,7.75,101.1,2001,"FNP015"
"FNP000000000117",0,"Female",26,8.6,99.9,2001,"FNP021"
"FNP000000000117",0,"Female",36,8.19,102.3,2002,"FNP022"
"FNP000000000117",0,"Female",50,8,107.9,2003,"FNP026"
"FNP000000000117",0,"Female",33,7.19,100.5,2002,"FNP014"
"FNP000000000117",0,"Female",19,6.09,97.4,2000,"FNP164"
"FNP000000000118",0,"Female",21,7.55,105.5,2001,"FNP007"
"FNP000000000118",0,"Female",29,8.39,104.4,2001,"FNP010"
"FNP000000000120",0,"Female",29,7.5,106.3,2001,"FNP023"
"FNP000000000120",0,"Female",19,6.19,102.5,2000,"FNP022"
"FNP000000000120",0,"Female",24,7,104.9,2001,"FNP027"
"FNP000000000121",0,"Male",29,7.19,102.9,2001,"FNP015"
"FNP000000000121",0,"Male",19,8.6,111.1,2000,"FNP005"
"FNP000000000123",0,"Female",19,8.1,107.5,2000,"FNP030"
"FNP000000000125",0,"Male",21,11.1,119.5,2001,"FNP030"
"FNP000000000126",0,"Female",21,7.4,106.4,2001,"FNP023"
"FNP000000000126",0,"Female",19,6.8,105,2000,"FNP163"
"FNP000000000127",0,"Female",33,7.4,103.3,2002,"FNP012"
"FNP000000000127",0,"Female",26,7.9,103.1,2001,"FNP008"
"FNP000000000127",0,"Female",21,6.75,102.3,2001,"FNP025"
"FNP000000000127",0,"Female",36,7.3,103.8,2002,"FNP013"
"FNP000000000127",0,"Female",19,5.4,98.4,2000,"FNP008"
"FNP000000000128",0,"Female",19,7,105.6,2000,"FNP028"
"FNP000000000128",0,"Female",27,9,110.7,2001,"FNP029"
"FNP000000000128",0,"Female",29,8.3,109.6,2001,"FNP028"
"FNP000000000129",0,"Male",22,9.35,121.9,2000,"FNP161"
"FNP000000000129",0,"Male",35,11.4,126.3,2001,"FNP038"
"FNP000000000129",0,"Male",48,12.3,127.4,2002,"FNP084"
"FNP000000000129",0,"Male",38,11.3,126.6,2001,"FNP086"
"FNP000000000130",0,"Female",21,7.4,104.5,2001,"FNP120"
"FNP000000000130",0,"Female",18,6.19,100,2000,"FNP119"
"FNP000000000132",0,"Male",19,8.3,110.8,2000,"FNP086"
"FNP000000000133",0,"Female",51,8.19,109.5,2003,"FNP088"
"FNP000000000133",0,"Female",26,7.59,105.5,2001,"FNP119"
"FNP000000000134",0,"Female",21,7.3,109,2001,"FNP171"
"FNP000000000134",0,"Female",26,8.5,111,2001,"FNP033"
"FNP000000000134",0,"Female",29,9.19,110.3,2001,"FNP034"
"FNP000000000134",0,"Female",18,6.59,106.5,2000,"FNP039"
"FNP000000000135",0,"Male",34,11.9,126.9,2000,"FNP172"
"FNP000000000136",0,"Female",26,7.09,102.1,2001,"FNP115"
"FNP000000000137",0,"Male",43,10.7,122.5,2000,"FNP151"
"FNP000000000137",0,"Male",60,11.3,128.3,2002,"FNP040"
"FNP000000000137",0,"Male",50,11.5,120.5,2001,"FNP170"
"FNP000000000137",0,"Male",48,10.6,120.9,2001,"FNP034"
"FNP000000000137",0,"Male",34,8.64,105.9,2000,"FNP151"
"FNP000000000138",0,"Female",19,6.19,104,2000,"FNP119"
"FNP000000000138",0,"Female",24,7.09,106.4,2001,"FNP117"
"FNP000000000138",1,"Female",39,8.69,110.8,2002,"FNP116"
"FNP000000000138",0,"Female",36,8.6,111.5,2002,"FNP118"
"FNP000000000138",0,"Female",26,7.8,108.3,2001,"FNP118"
"FNP000000000138",0,"Female",21,7.5,106.6,2001,"FNP120"
"FNP000000000139",0,"Male",38,11.1,119.1,2001,"FNP102"
"FNP000000000139",0,"Male",48,10.5,127,2002,"FNP160"
"FNP000000000139",0,"Male",22,8.64,117.4,2000,"FNP084"
"FNP000000000142",0,"Male",36,12.1,122.1,2002,"FNP040"
"FNP000000000143",0,"Male",19,10.5,117,2000,"FNP034"
"FNP000000000145",0,"Male",22,7.84,121.1,2000,"FNP178"
"FNP000000000146",0,"Female",38,10.1,110.3,2001,"FNP084"
"FNP000000000146",0,"Female",51,10.3,111.5,2002,"FNP160"
"FNP000000000146",0,"Female",48,8.39,110.4,2002,"FNP084"
"FNP000000000146",0,"Female",22,6.25,105.6,2000,"FNP087"
"FNP000000000148",0,"Female",24,7.59,110,2000,"FNP188"
"FNP000000000149",0,"Male",26,11.3,118,2001,"FNP028"
"FNP000000000152",0,"Female",43,8.8,112,2000,"FNP031"
"FNP000000000152",0,"Female",36,9.1,111.5,2000,"FNP030"
"FNP000000000153",0,"Male",23,7.25,107.5,2001,"FNP162"
"FNP000000000153",0,"Male",19,7.19,103.5,2000,"FNP038"
"FNP000000000153",0,"Male",21,8.39,103.6,2001,"FNP144"
"FNP000000000154",0,"Male",50,9,119.6,2003,"FNP016"
"FNP000000000154",0,"Male",36,10.8,114,2002,"FNP014"
"FNP000000000154",0,"Male",21,9.19,108.5,2001,"FNP013"
"FNP000000000154",0,"Male",24,7.9,108.9,2001,"FNP017"
"FNP000000000154",0,"Male",33,10.6,114.3,2002,"FNP013"
"FNP000000000154",0,"Male",29,9.8,110.6,2001,"FNP007"
"FNP000000000154",0,"Male",19,7.8,107.3,2000,"FNP008"
"FNP000000000156",0,"Male",18,7,103.3,2000,"FNP008"
"FNP000000000156",0,"Male",21,7.5,104.9,2001,"FNP008"
"FNP000000000157",0,"Female",19,8.1,112,2000,"FNP030"
"FNP000000000157",0,"Female",36,7.69,109.9,2002,"FNP033"
"FNP000000000158",0,"Male",21,10.8,117.5,2001,"FNP119"
"FNP000000000158",0,"Male",24,11.5,117,2001,"FNP117"
"FNP000000000158",0,"Male",29,11.6,120.8,2001,"FNP121"
"FNP000000000158",0,"Male",36,10.5,122.8,2002,"FNP121"
"FNP000000000158",0,"Male",38,12.5,122.5,2002,"FNP118"
"FNP000000000158",0,"Male",19,8.5,111.5,2000,"FNP117"
"FNP000000000159",0,"Female",33,8.5,111.1,2002,"FNP087"
"FNP000000000159",0,"Female",39,10,112,2002,"FNP086"
"FNP000000000159",0,"Female",29,9.19,111,2001,"FNP087"
"FNP000000000159",0,"Female",22,7.8,107,2001,"FNP087"
"FNP000000000159",0,"Female",36,8.6,105.3,2002,"FNP087"
"FNP000000000160",0,"Male",19,8.8,117.1,2000,"FNP120"
"FNP000000000162",0,"Female",26,8.2,103.6,2001,"22"
"FNP000000000162",0,"Female",33,7.69,107.4,2002,"FNP084"
"FNP000000000163",0,"Male",36,10.8,127.3,2000,"FNP122"
"FNP000000000163",0,"Male",36,10.8,127.3,2000,"FNP121"
"FNP000000000163",0,"Male",43,11.8,127.3,2000,"FNP122"
"FNP000000000163",0,"Male",43,11.8,127.3,2000,"FNP121"
"FNP000000000164",0,"Female",26,9.19,103.6,2001,"FNP112"
"FNP000000000165",0,"Male",15,9,108.3,2000,"FNP109"
"FNP000000000166",0,"Female",15,6.19,99.3,2000,"FNP108"
"FNP000000000167",0,"Female",39,10.3,112.5,2000,"FNP091"
"FNP000000000169",0,"Female",15,5.19,91,2000,"FNP114"
"FNP000000000170",0,"Male",39,14.5,123,2000,"FNP106"
"FNP000000000171",0,"Female",15,6.9,100.5,2000,"FNP100"
"FNP000000000172",0,"Male",15,8.8,108,2000,"FNP167"
"FNP000000000173",0,"Female",27,6.5,101,2000,"FNP091"
"FNP000000000173",0,"Female",45,8.39,108,2002,"FNP091"
"FNP000000000173",0,"Female",50,8.75,108.6,2002,"FNP092"
"FNP000000000173",0,"Female",38,9.39,106.5,2001,"FNP092"
"FNP000000000174",0,"Female",38,9.6,109.6,2002,"FNP091"
"FNP000000000174",0,"Female",15,7.19,103.6,2000,"FNP091"
"FNP000000000174",0,"Female",26,9.4,107.3,2001,"B57"
"FNP000000000174",0,"Female",33,8.89,109.8,2002,"FNP093"
"FNP000000000175",0,"Male",15,8.69,110,2000,"FNP115"
"FNP000000000176",0,"Male",30,7.59,113.4,2001,"FNP103"
"FNP000000000176",0,"Male",15,7.3,90.69,2000,"FNP105"
"FNP000000000176",0,"Male",15,7.3,90.69,2000,"FNP124"
"FNP000000000177",0,"Female",15,7.4,100.9,2000,"FNP103"
"FNP000000000178",0,"Male",15,8.8,107.3,2000,"FNP125"
"FNP000000000178",0,"Male",26,11.6,116.9,2001,"FNP096"
"FNP000000000179",0,"Male",15,9,110,2000,"FNP096"
"FNP000000000180",0,"Male",27,12.8,127.4,2000,"FNP092"
"FNP000000000181",0,"Female",15,6.5,100,2000,"FNP093"
"FNP000000000182",0,"Female",38,11.5,111.3,2001,"B22"
"FNP000000000182",0,"Female",27,11.5,108.9,2000,"FNP115"
"FNP000000000184",0,"Male",39,12.1,122.4,2000,"FNP092"
"FNP000000000185",0,"Female",15,6.9,100.1,2000,"FNP149"
"FNP000000000186",0,"Male",36,10.1,120,2002,"FNP161"
"FNP000000000186",0,"Male",15,8,105,2000,"FNP091"
"FNP000000000187",0,"Female",15,5.9,96.69,2000,"FNP087"
"FNP000000000188",0,"Male",36,12.3,124,2002,"FNP121"
"FNP000000000188",0,"Male",21,11.1,118,2001,"FNP122"
"FNP000000000188",0,"Male",24,11.3,117.5,2001,"FNP119"
"FNP000000000188",0,"Male",19,9.85,115,2000,"FNP121"
"FNP000000000188",0,"Male",15,8.89,106,2000,"FNP119"
"FNP000000000188",0,"Male",21,11.1,118,2001,"FNP121"
"FNP000000000189",0,"Female",27,10.7,108.1,2000,"FNP088"
"FNP000000000190",0,"Male",15,7.55,99.3,2000,"FNP033"
"FNP000000000190",0,"Male",19,7.9,105.9,2000,"FNP151"
"FNP000000000191",0,"Male",39,12.8,120.4,2000,"FNP116"
"FNP000000000191",0,"Male",48,11.3,129.3,2001,"FNP119"
"FNP000000000191",0,"Male",43,12,120.1,2000,"FNP118"
"FNP000000000192",0,"Male",50,11.1,120.1,2001,"FNP039"
"FNP000000000192",0,"Male",39,12.1,121.3,2000,"FNP160"
"FNP000000000193",0,"Male",26,9.19,115.5,2001,"FNP092"
"FNP000000000193",0,"Male",24,9.14,112.1,2001,"FNP151"
"FNP000000000193",0,"Male",19,8.5,110,2000,"FNP034"
"FNP000000000193",0,"Male",21,9.8,111.8,2001,"FNP039"
"FNP000000000193",0,"Male",15,7.69,102.5,2000,"FNP039"
"FNP000000000194",0,"Female",26,9.1,108.8,2001,"57"
"FNP000000000194",0,"Female",19,6.75,105.5,2000,"FNP087"
"FNP000000000194",0,"Female",15,6.8,101.4,2000,"FNP033"
"FNP000000000195",0,"Female",15,5.9,92.8,2000,"FNP030"
"FNP000000000197",0,"Female",21,7.3,103.9,2002,"FNP118"
"FNP000000000198",0,"Male",21,10.5,118.4,2002,"FNP087"
"FNP000000000200",0,"Female",14,5.19,99.4,2000,"FNP199"
"FNP000000000201",0,"Female",14,5.19,97.09,2000,"FNP203"
"FNP000000000202",0,"Male",26,6.8,105.3,2001,"FNP150"
"FNP000000000202",0,"Male",14,4.19,92.4,2000,"FNP196"
"FNP000000000202",0,"Male",51,5.9,112.5,2003,"FNP193"
"FNP000000000202",0,"Male",38,7.5,107.4,2002,"FNP196"
"FNP000000000203",0,"Male",41,9.69,112.8,2001,"FNP011"
"FNP000000000203",0,"Male",26,7.3,104,2000,"FNP203"
"FNP000000000203",0,"Male",45,10,114.5,2002,"FNP009"
"FNP000000000204",0,"Female",15,5.3,98,2000,"FNP198"
"FNP000000000205",0,"Female",36,8.5,106.1,2002,"FNP149"
"FNP000000000205",0,"Female",39,10,106.3,2002,"59"
"FNP000000000205",0,"Female",15,4.8,95.19,2000,"FNP196"
"FNP000000000206",0,"Male",15,5.9,100.5,2000,"FNP204"
"FNP000000000206",0,"Male",27,7.9,109.6,2001,"FNP190"
"FNP000000000206",0,"Male",39,9.69,115.5,2002,"FNP003"
"FNP000000000207",0,"Male",15,5.69,92.59,2000,"FNP197"
"FNP000000000208",0,"Male",51,8.19,118.5,2000,"FNP195"
"FNP000000000209",0,"Male",15,6.19,96.19,2000,"FNP108"
"FNP000000000216",0,"Female",24,6.9,105,2002,"FNP031"
"FNP000000000216",0,"Female",21,7.09,105,2002,"FNP116"
"FNP000000000216",0,"Female",14,5.8,99.2,2001,"FNP116"
"FNP000000000217",0,"Female",38,6.09,108.6,2003,"FNP164"
"FNP000000000218",0,"Male",14,5.8,96.9,2001,"FNP030"
"FNP000000000218",0,"Male",50,11.1,121.5,2004,"FNP149"
"FNP000000000218",0,"Male",38,7.9,118,2003,"FNP001"
"FNP000000000218",0,"Male",55,10.8,120,2004,"FNP150"
"FNP000000000219",0,"Female",21,7.59,108.5,2002,"FNP028"
"FNP000000000225",0,"Male",26,7.19,106,2002,"FNP193"
"FNP000000000225",0,"Male",15,5.65,95.4,2001,"FNP204"
"FNP000000000225",0,"Male",39,7.09,113.6,2003,"FNP198"
"FNP000000000228",0,"Female",24,6.9,106,2002,"FNP039"
"FNP000000000228",0,"Female",14,7,98.59,2001,"FNP039"
"FNP000000000237",0,"Female",17,6.4,101.6,2001,"FNP150"
"FNP000000000237",0,"Female",27,8.69,107.4,2002,"FNP017"
"FNP000000000237",0,"Female",24,6.8,106,2002,"FNP147"
"FNP000000000237",0,"Female",21,6.69,103.5,2002,"FNP020"
"FNP000000000243",0,"Male",21,10.1,118.5,2002,"FNP151"
"FNP000000000243",0,"Male",39,10.3,127,2003,"FNP034"
"FNP000000000243",0,"Male",27,11,124.1,2002,"FNP017"
"FNP000000000245",0,"Male",24,10.6,109.5,2002,"FNP151"
"FNP000000000245",0,"Male",14,8,100.3,2001,"FNP028"
"FNP000000000246",0,"Female",17,6.4,100.5,2001,"FNP024"
"FNP000000000247",0,"Female",24,6.8,102.6,2002,"FNP118"
"FNP000000000247",0,"Female",21,7.59,105.5,2002,"FNP119"
"FNP000000000248",0,"Male",24,9.94,118.5,2002,"FNP151"
"FNP000000000251",0,"Male",27,8.69,112.1,2002,"FNP037"
"FNP000000000251",0,"Male",14,6.69,102.6,2001,"FNP121"
"FNP000000000251",0,"Male",21,8.39,111,2002,"FNP034"
"FNP000000000251",0,"Male",14,6.69,102.6,2001,"FNP122"
"FNP000000000251",0,"Male",24,8.5,112,2002,"FNP040"
"FNP000000000252",0,"Male",24,8.5,112.3,2002,"FNP118"
"FNP000000000252",0,"Male",21,9.1,113,2002,"FNP116"
"FNP000000000256",0,"Female",14,6,95.3,2001,"FNP028"
"FNP000000000256",0,"Female",24,7.5,105.1,2002,"FNP161"
"FNP000000000256",0,"Female",21,7.5,105.3,2002,"FNP084"
"FNP000000000257",0,"Female",14,6.69,98.8,2001,"FNP006"
"FNP000000000257",0,"Female",21,7.8,103.3,2002,"FNP022"
"FNP000000000257",0,"Female",17,6.5,102.4,2001,"FNP026"
"FNP000000000258",0,"Female",14,5.3,94.9,2001,"FNP023"
"FNP000000000258",0,"Female",21,7.09,106.4,2002,"FNP039"
"FNP000000000258",0,"Female",24,7,105.1,2002,"FNP037"
"FNP000000000258",0,"Female",17,6.19,99.9,2001,"FNP011"
"FNP000000000259",0,"Female",38,7.19,110.5,2003,"FNP024"
"FNP000000000259",0,"Female",24,6.69,102.8,2002,"FNP157"
"FNP000000000259",0,"Female",21,5.19,98.69,2002,"FNP031"
"FNP000000000259",0,"Female",17,3.9,89.59,2001,"FNP026"
"FNP000000000259",0,"Female",27,7.59,106.5,2002,"FNP147"
"FNP000000000261",0,"Female",14,3.59,80.69,2001,"FNP115"
"FNP000000000262",0,"Male",26,8.5,107.8,2001,"FNP114"
"FNP000000000262",0,"Male",30,10,114.8,2001,"FNP101"
"FNP000000000263",0,"Female",14,6.8,99.8,2001,"FNP113"
"FNP000000000264",0,"Female",26,10,108.9,2002,"FNP142"
"FNP000000000264",0,"Female",18,7.59,104.6,2001,"FNP102"
"FNP000000000264",0,"Female",14,6.8,96.8,2001,"FNP112"
"FNP000000000265",0,"Female",14,6.19,97.59,2001,"FNP144"
"FNP000000000266",0,"Female",14,7.5,100.5,2001,"FNP101"
"FNP000000000267",0,"Female",14,5.8,100,2001,"FNP125"
"FNP000000000268",0,"Female",14,6.5,97.3,2001,"FNP100"
"FNP000000000269",0,"Female",14,8.1,101.5,2001,"FNP101"
"FNP000000000270",0,"Male",18,9.5,111.5,2001,"FNP102"
"FNP000000000270",0,"Male",14,9,108.5,2001,"FNP102"
"FNP000000000271",0,"Female",26,7.25,106.4,2001,"FNP103"
"FNP000000000272",0,"Female",14,5.9,99.3,2001,"FNP115"
"FNP000000000273",0,"Male",39,8.3,115,2003,"FNP160"
"FNP000000000273",0,"Male",14,8,100.9,2001,"FNP111"
"FNP000000000274",0,"Male",14,6.8,108.5,2001,"FNP091"
"FNP000000000275",0,"Female",21,8,104.9,2002,"FNP093"
"FNP000000000275",0,"Female",14,6.69,94.5,2001,"FNP093"
"FNP000000000276",0,"Male",17,8.39,106.8,2001,"FNP087"
"FNP000000000276",0,"Male",14,7.59,101.5,2001,"FNP111"
"FNP000000000276",0,"Male",21,10,111.4,2002,"FNP160"
"FNP000000000277",0,"Female",14,7.59,105.5,2001,"FNP107"
"FNP000000000278",0,"Female",26,7.94,105.3,2001,"FNP125"
"FNP000000000279",0,"Female",14,5.09,86.09,2001,"FNP097"
"FNP000000000280",0,"Male",26,11,118.9,2001,"FNP088"
"FNP000000000281",0,"Female",14,5.75,89.4,2001,"FNP091"
"FNP000000000282",0,"Male",14,8.69,107,2001,"FNP092"
"FNP000000000283",0,"Male",14,7,101.8,2001,"FNP093"
"FNP000000000284",0,"Female",14,6,96.5,2001,"FNP092"
"FNP000000000285",0,"Female",14,5.59,93.8,2001,"FNP093"
"FNP000000000286",0,"Female",14,6.69,98.19,2001,"FNP106"
"FNP000000000287",0,"Male",18,9.19,104.8,2001,"FNP103"
"FNP000000000287",0,"Male",14,8.75,105.8,2001,"FNP111"
"FNP000000000288",0,"Female",26,6.3,97.19,2001,"FNP091"
"FNP000000000288",0,"Female",30,9.19,104.4,2001,"FNP112"
"FNP000000000289",0,"Female",62,7.19,108.5,2001,"FNP093"
"FNP000000000290",0,"Male",14,7.84,102.8,2001,"FNP169"
"FNP000000000291",0,"Female",14,7.19,100.4,2001,"FNP088"
"FNP000000000292",0,"Female",14,5.5,90.5,2001,"FNP160"
"FNP000000000293",0,"Female",24,7.59,105.8,2002,"FNP161"
"FNP000000000293",0,"Female",21,8.1,102.3,2002,"FNP084"
"FNP000000000294",0,"Female",27,6.19,98.19,2002,"FNP026"
"FNP000000000294",0,"Female",14,4.5,90,2001,"FNP025"
"FNP000000000294",0,"Female",38,5.9,103.5,2003,"FNP150"
"FNP000000000294",0,"Female",21,5.69,96.3,2002,"FNP150"
"FNP000000000295",0,"Female",14,3.79,81.59,2001,"FNP009"
"FNP000000000295",0,"Female",17,4.69,91.4,2001,"FNP023"
"FNP000000000295",0,"Female",21,5.4,97.3,2002,"FNP147"
"FNP000000000295",0,"Female",26,7.09,101.1,2002,"FNP034"
"FNP000000000295",0,"Female",50,5.8,100.5,2004,"FNP196"
"FNP000000000295",0,"Female",24,5.9,99.3,2002,"FNP030"
"FNP000000000296",0,"Male",26,8.5,111.6,2002,"FNP201"
"FNP000000000296",0,"Male",14,7,99.19,2001,"FNP012"
"FNP000000000297",0,"Male",55,8.2,107.8,2004,"FNP013"
"FNP000000000297",0,"Male",21,8.6,108.3,2002,"FNP013"
"FNP000000000297",0,"Male",50,9.1,108.9,2004,"FNP022"
"FNP000000000297",0,"Male",17,6.8,103.6,2001,"FNP017"
"FNP000000000297",0,"Male",38,7.9,115.4,2003,"FNP023"
"FNP000000000297",0,"Male",24,9,109.9,2002,"FNP011"
"FNP000000000297",0,"Male",15,6.69,100,2001,"FNP201"
"FNP000000000299",0,"Male",38,9.3,120,2003,"FNP026"
"FNP000000000301",0,"Female",15,5.09,87.9,2001,"FNP199"
"FNP000000000301",0,"Female",50,5,113.8,2004,"FNP208"
"FNP000000000301",0,"Female",39,6.09,113.5,2003,"FNP206"
"FNP000000000301",0,"Female",26,6.4,100.6,2002,"FNP201"
"FNP000000000302",0,"Male",17,6.4,106,2001,"FNP010"
"FNP000000000302",0,"Male",15,6.8,97.5,2001,"FNP203"
"FNP000000000303",0,"Female",15,5.59,92.59,2001,"FNP206"
"FNP000000000303",0,"Female",39,4.69,101,2003,"FNP196"
"FNP000000000303",0,"Female",26,6,98.5,2002,"FNP199"
"FNP000000000304",0,"Female",50,8.8,97.19,2004,"FNP195"
"FNP000000000304",0,"Female",63,6.1,108.6,2005,"51"
"FNP000000000304",0,"Female",72,7.8,109.5,2006,"FNP026"
"FNP000000000304",0,"Female",68,7.5,107.5,2005,"FNP009"
"FNP000000000305",0,"Female",17,6.8,103.5,2001,"FNP021"
"FNP000000000306",0,"Male",69,9.8,110,2002,"FNP149"
"FNP000000000307",0,"Male",33,11.3,107.5,2002,"FNP160"
"FNP000000000307",0,"Male",29,9.19,111.5,2001,"FNP086"
"FNP000000000307",0,"Male",38,11.3,119.4,2002,"FNP105"
"FNP000000000307",0,"Male",38,11.3,119.4,2002,"FNP124"
"FNP000000000308",0,"Male",42,10.8,118.8,2001,"FNP103"
"FNP000000000308",0,"Male",48,10.3,120.4,2002,"FNP086"
"FNP000000000308",1,"Male",50,8.39,120.1,2002,"FNP096"
"FNP000000000310",0,"Male",15,6.8,100,2002,"FNP006"
"FNP000000000311",0,"Female",15,6.09,95.9,2002,"FNP013"
"FNP000000000312",0,"Female",15,6.69,96.59,2002,"FNP025"
"FNP000000000315",0,"Male",15,8.1,110.8,2002,"FNP121"
"FNP000000000315",0,"Male",27,8.89,123.1,2003,"FNP088"
"FNP000000000315",0,"Male",15,8.1,110.8,2002,"FNP122"
"FNP000000000321",0,"Male",26,9.19,117,2003,"FNP028"
"FNP000000000321",0,"Male",15,7,100.5,2002,"FNP026"
"FNP000000000322",0,"Female",15,5.19,95.69,2002,"FNP144"
"FNP000000000322",0,"Female",26,5.69,108.3,2003,"FNP021"
"FNP000000000325",0,"Male",26,8.89,115.6,2003,"FNP010"
"FNP000000000325",0,"Male",15,7.8,104,2002,"FNP009"
"FNP000000000326",0,"Female",15,5.59,93.3,2002,"FNP084"
"FNP000000000326",0,"Female",26,6.9,107.6,2003,"FNP164"
"FNP000000000327",0,"Female",27,7.9,108,2003,"FNP033"
"FNP000000000328",0,"Male",15,8.1,100.4,2002,"FNP031"
"FNP000000000329",0,"Male",15,6.59,100.3,2002,"FNP014"
"FNP000000000330",0,"Female",15,5.3,91,2002,"FNP150"
"FNP000000000331",0,"Male",15,6.19,98.9,2002,"FNP007"
"FNP000000000333",0,"Female",15,6.69,102,2002,"FNP121"
"FNP000000000335",0,"Female",15,5.69,95.09,2002,"FNP120"
"FNP000000000337",0,"Female",15,5.8,96.4,2002,"FNP152"
"FNP000000000339",0,"Female",45,9,110,2002,"FNP091"
"FNP000000000341",0,"Female",27,8.19,102.9,2003,"FNP119"
"FNP000000000342",0,"Male",14,7,101.4,2002,"FNP122"
"FNP000000000342",0,"Male",14,7,101.4,2002,"FNP121"
"FNP000000000343",0,"Female",27,5.5,101,2003,"FNP120"
"FNP000000000345",0,"Male",14,8.3,108,2002,"FNP122"
"FNP000000000345",0,"Male",14,8.3,108,2002,"FNP121"
"FNP000000000349",0,"Male",24,9.8,117.6,2002,"FNP119"
"FNP000000000350",0,"Male",15,7.3,97.5,2002,"FNP096"
"FNP000000000351",0,"Female",26,6.4,98.3,2003,"FNP026"
"FNP000000000351",0,"Female",43,6.5,94.9,2004,"FNP001"
"FNP000000000351",0,"Female",56,5.69,107.5,2005,"FNP009"
"FNP000000000351",0,"Female",15,5.69,96.19,2002,"FNP006"
"FNP000000000352",0,"Female",15,5.9,94.69,2002,"FNP009"
"FNP000000000352",0,"Female",43,7.6,101,2004,"FNP008"
"FNP000000000352",0,"Female",26,7.19,95.69,2003,"FNP012"
"FNP000000000352",0,"Female",39,9.1,96.5,2004,"FNP025"
"FNP000000000353",0,"Male",15,6.69,98.4,2002,"FNP084"
"FNP000000000355",0,"Female",14,5.9,95.09,2002,"FNP096"
"FNP000000000356",0,"Male",14,8,106.1,2002,"FNP112"
"FNP000000000357",0,"Female",14,6.19,100,2002,"FNP092"
"FNP000000000358",0,"Male",14,7.19,100,2002,"FNP101"
"FNP000000000359",0,"Male",14,10.1,110.5,2002,"FNP102"
"FNP000000000360",0,"Female",14,4.9,90,2002,"FNP112"
"FNP000000000360",0,"Female",27,9.5,104,2003,"FNP117"
"FNP000000000361",0,"Female",14,5.69,97.09,2002,"FNP088"
"FNP000000000361",0,"Female",38,7.5,101.9,2004,"FNP002"
"FNP000000000362",0,"Male",14,7.4,103.4,2002,"FNP100"
"FNP000000000363",0,"Male",14,5.09,93.8,2002,"FNP196"
"FNP000000000363",0,"Male",27,6.19,117.1,2003,"FNP196"
"FNP000000000363",0,"Male",38,8.1,107.8,2004,"FNP196"
"FNP000000000364",0,"Male",27,8.69,121.1,2003,"FNP208"
"FNP000000000364",0,"Male",38,10,123.8,2004,"FNP197"
"FNP000000000364",0,"Male",14,8.39,110.3,2002,"FNP190"
"FNP000000000365",0,"Male",14,5.3,97.3,2002,"FNP201"
"FNP000000000365",0,"Male",27,6.09,108.4,2003,"FNP195"
"FNP000000000365",0,"Male",38,7.09,104.5,2004,"FNP196"
"FNP000000000365",0,"Male",56,8.69,119.8,2005,"FNP030"
"FNP000000000366",0,"Female",14,6.59,97,2002,"FNP087"
"FNP000000000367",0,"Female",14,5.9,95.4,2002,"FNP040"
"FNP000000000368",0,"Male",27,12,120.8,2002,"FNP093"
"FNP000000000369",0,"Female",15,6.59,98.19,2002,"FNP116"
"FNP000000000370",0,"Male",15,5.4,92.19,2002,"FNP001"
"FNP000000000371",0,"Female",15,5.3,95.19,2002,"FNP005"
"FNP000000000372",0,"Female",43,7.3,103.9,2004,"FNP009"
"FNP000000000372",0,"Female",15,6,96.4,2002,"FNP030"
"FNP000000000373",0,"Male",15,6.8,100,2002,"FNP149"
"FNP000000000374",0,"Female",15,6.09,96,2002,"FNP030"
"FNP000000000378",0,"Male",14,7.5,104.8,2003,"FNP092"
"FNP000000000379",0,"Male",26,10.1,121,2004,"FNP164"
"FNP000000000379",0,"Male",14,7.09,98.3,2003,"FNP113"
"FNP000000000381",0,"Male",14,6.3,108.1,2003,"FNP092"
"FNP000000000382",0,"Male",14,4.9,94.09,2003,"FNP091"
"FNP000000000383",0,"Male",14,8.19,105.8,2003,"FNP092"
"FNP000000000384",0,"Male",14,6.4,103,2003,"FNP112"
"FNP000000000385",0,"Male",14,5,94.8,2003,"FNP093"
"FNP000000000386",0,"Male",14,7.4,110.5,2003,"FNP106"
"FNP000000000387",0,"Male",27,11.1,120.5,2004,"FNP108"
"FNP000000000387",0,"Male",14,7.9,109,2003,"FNP124"
"FNP000000000387",0,"Male",14,7.9,109,2003,"FNP105"
"FNP000000000388",0,"Male",14,4.9,96.5,2003,"FNP103"
"FNP000000000388",0,"Male",27,9.19,120.5,2004,"FNP103"
"FNP000000000389",0,"Female",14,5.19,96.69,2003,"FNP101"
"FNP000000000390",0,"Female",14,5.69,100.6,2003,"FNP009"
"FNP000000000391",0,"Female",26,4.5,98.59,2004,"FNP008"
"FNP000000000391",0,"Female",14,3.59,92.59,2003,"FNP014"
"FNP000000000392",0,"Female",14,6.3,90.9,2003,"FNP006"
"FNP000000000394",0,"Male",14,3.59,95.4,2003,"FNP150"
"FNP000000000395",0,"Female",26,7.6,101.1,2004,"FNP005"
"FNP000000000396",0,"Male",14,7.09,110,2003,"FNP144"
"FNP000000000397",0,"Male",14,3.7,92,2003,"FNP001"
"FNP000000000398",0,"Female",26,7.9,96.69,2004,"FNP025"
"FNP000000000398",0,"Female",14,5.9,101.6,2003,"FNP028"
"FNP000000000399",1,"Female",31,5.3,104.6,2004,"FNP220"
"FNP000000000399",0,"Female",15,4.59,101.1,2003,"FNP122"
"FNP000000000399",0,"Female",15,4.59,101.1,2003,"FNP121"
"FNP000000000400",0,"Male",15,6.3,110.4,2003,"FNP158"
"FNP000000000400",0,"Male",27,10.1,119.5,2004,"FNP120"
"FNP000000000401",0,"Male",27,8.89,120.4,2003,"FNP034"
"FNP000000000402",0,"Female",15,5.3,103,2003,"FNP031"
"FNP000000000402",0,"Female",27,8.1,102.5,2004,"FNP151"
"FNP000000000403",0,"Male",15,6.3,107.4,2003,"FNP084"
"FNP000000000404",0,"Male",27,10.8,120.3,2004,"FNP120"
"FNP000000000404",0,"Male",15,7.09,112.4,2003,"FNP120"
"FNP000000000405",0,"Female",15,5.59,103,2003,"FNP160"
"FNP000000000406",0,"Male",15,6.19,105.5,2003,"FNP033"
"FNP000000000406",0,"Male",27,9.1,122,2004,"FNP034"
"FNP000000000407",0,"Female",44,6.4,113,2005,"FNP121"
"FNP000000000407",0,"Female",31,7.3,110.5,2004,"FNP121"
"FNP000000000407",0,"Female",15,4.9,103.4,2003,"FNP122"
"FNP000000000407",0,"Female",15,4.9,103.4,2003,"FNP121"
"FNP000000000407",0,"Female",27,7.5,96.3,2004,"FNP117"
"FNP000000000407",0,"Female",31,7.3,110.5,2004,"FNP122"
"FNP000000000408",0,"Female",15,5.4,103.4,2003,"FNP034"
"FNP000000000409",0,"Female",27,7.59,103.3,2004,"FNP086"
"FNP000000000409",0,"Female",15,5.5,99.3,2003,"FNP040"
"FNP000000000410",0,"Female",15,5.09,100.4,2003,"FNP087"
"FNP000000000410",0,"Female",27,8,104.6,2004,"FNP086"
"FNP000000000411",0,"Female",15,5.09,101,2003,"FNP152"
"FNP000000000411",0,"Female",31,7.4,106,2004,"FNP031"
"FNP000000000412",0,"Male",15,7.09,103.9,2003,"FNP121"
"FNP000000000413",0,"Female",15,4.09,101.5,2003,"FNP196"
"FNP000000000415",0,"Female",52,5.3,103.9,2006,"FNP203"
"FNP000000000415",0,"Female",15,4.09,96.3,2003,"FNP201"
"FNP000000000415",0,"Female",26,4.9,93.5,2004,"FNP201"
"FNP000000000451",0,"Male",27,10,118.8,2004,"FNP102"
